order_id,product_id,quantity,order_item_id
0057193f-84d1-49e4-8751-b9eefe8a6d21,3e0685b9-b759-5740-a3fb-187094b9ac5f,1,424bdd2f-d3a2-4e49-bdd0-f3813b6f0438
0057193f-84d1-49e4-8751-b9eefe8a6d21,d2b0bf77-a79f-5026-a892-e0eb2c48c1d1,1,4cd61dcd-af0e-4aa6-9dd6-c05180da81be
00c284b8-49f4-4343-9fed-9e85d175b5a9,c044336d-c780-56de-937a-16c5cf0f35e0,1,5484b5a6-cb83-4ec3-ad31-74491ac6b243
013baf1f-764c-4616-b601-4ed82cde08a7,d2b0bf77-a79f-5026-a892-e0eb2c48c1d1,1,f18033f9-68b5-48f2-b72e-d5b42cf15a12
017629e6-7a31-4db2-86af-76184f4f2e3b,c044336d-c780-56de-937a-16c5cf0f35e0,1,ade8fdcb-f358-4b3c-aa3d-56eeb3f5e9ad
018f9d58-147e-4bac-9701-3fb0db3d7004,4e8df017-8885-55ef-8c63-325b9636370a,1,0b019eca-e545-4fc9-8b02-35b42814cfba
01b6481d-8e9a-43a5-a430-259ccb19c606,baf9ca6e-937b-5c6a-9993-724f7a71cf91,1,bba7c7e6-85f4-4a39-8784-61dc094959f7
01b6481d-8e9a-43a5-a430-259ccb19c606,d2b0bf77-a79f-5026-a892-e0eb2c48c1d1,1,10b471e0-b9d2-4f61-b916-2bea1fef3e6d
0274573e-8753-493b-aea4-2e4eac73e413,576dadcd-ff7a-5f59-8ef9-20e99fe21d13,1,6385c6f7-337b-4c55-9fb9-0050e087d489
0274573e-8753-493b-aea4-2e4eac73e413,75e7f049-029c-5e6a-9793-aea4ae8237aa,2,17acd99b-8ca6-4069-9331-951b8b5e98f4
02b0091b-6aac-49cc-8a67-e3204a0359b7,576dadcd-ff7a-5f59-8ef9-20e99fe21d13,1,4aca9760-18e1-4163-a5d3-37db2e07b7d1
02b0091b-6aac-49cc-8a67-e3204a0359b7,75e7f049-029c-5e6a-9793-aea4ae8237aa,1,994845db-bcf4-441d-af01-2d6747180553
02b0091b-6aac-49cc-8a67-e3204a0359b7,d2b0bf77-a79f-5026-a892-e0eb2c48c1d1,1,172c48eb-21fb-42e3-a95b-6aa16552a084
02c4a3f7-2ccb-40ca-93ae-937e23821f18,4e8df017-8885-55ef-8c63-325b9636370a,1,03e4a9e3-9f67-4487-b6c1-b491dedfc63f
030119fc-8187-4c89-b00d-f427a39fff42,baf9ca6e-937b-5c6a-9993-724f7a71cf91,1,266fbb8b-55d8-4e15-9b40-545c51f990d7
036732aa-473f-4235-8ede-65886e69bb4c,3e0685b9-b759-5740-a3fb-187094b9ac5f,1,21ab7cd4-d7ef-4287-b299-76e04c875999
036732aa-473f-4235-8ede-65886e69bb4c,baf9ca6e-937b-5c6a-9993-724f7a71cf91,1,52aff723-853a-4c83-82e6-adf5c099bf56
036732aa-473f-4235-8ede-65886e69bb4c,c044336d-c780-56de-937a-16c5cf0f35e0,1,7403f301-5226-4e67-9d6f-bff21f7a9739
039a4270-c685-488b-8bdc-08bcfd73d580,baf9ca6e-937b-5c6a-9993-724f7a71cf91,1,f7572c57-e945-4f72-9108-8ec15f95d25e
039a4270-c685-488b-8bdc-08bcfd73d580,d2b0bf77-a79f-5026-a892-e0eb2c48c1d1,2,00db3f1b-d19c-4483-b931-103accc9dd70
03f534ca-a0a5-4dcc-8626-59742bc52744,3e0685b9-b759-5740-a3fb-187094b9ac5f,1,f153def7-09d6-4b74-8a02-2c74ef554884
03f534ca-a0a5-4dcc-8626-59742bc52744,576dadcd-ff7a-5f59-8ef9-20e99fe21d13,1,67b3f550-98e8-4a14-9085-dc862379dec5
03f534ca-a0a5-4dcc-8626-59742bc52744,c044336d-c780-56de-937a-16c5cf0f35e0,1,256f7e3a-beef-43c6-939a-a3f4f73b5ea1
048eacb7-0e85-4166-bc78-ee7175d788d9,d2b0bf77-a79f-5026-a892-e0eb2c48c1d1,1,0b147cd3-8f27-49dd-b8c9-4e4196112778
0536c56d-373c-4eb1-b57b-553ec6978320,576dadcd-ff7a-5f59-8ef9-20e99fe21d13,1,66918399-5591-44ec-814b-fae6b311c774
05563241-3b11-4330-829f-c92d09fe1302,75e7f049-029c-5e6a-9793-aea4ae8237aa,1,57c41344-a390-420f-b3dd-c618f3cb03c2
06017b0d-cfc4-4de8-9994-0f072597ac47,576dadcd-ff7a-5f59-8ef9-20e99fe21d13,1,1c68a277-139b-4d75-87c9-d53b315442ac
0669432b-95cd-495b-87df-c9db2990ea62,d2b0bf77-a79f-5026-a892-e0eb2c48c1d1,2,6a6fa43b-6b6b-49e4-909a-f03c87be8b94
06967ffb-14af-44e7-bf1b-7667d385ebcb,75e7f049-029c-5e6a-9793-aea4ae8237aa,1,2b0164e4-8a90-49c4-a728-481f1069a28e
06967ffb-14af-44e7-bf1b-7667d385ebcb,baf9ca6e-937b-5c6a-9993-724f7a71cf91,1,1218b2b8-4166-4d62-8184-c0552c9753cf
06967ffb-14af-44e7-bf1b-7667d385ebcb,d2b0bf77-a79f-5026-a892-e0eb2c48c1d1,1,921b934d-9f99-4e23-aa23-4a1d099db151
06cde623-03d3-4648-b4e3-6bc6c1e14c6a,c044336d-c780-56de-937a-16c5cf0f35e0,1,f1bd2cd0-4550-40b3-b6a0-dc16b7fc9649
06cde623-03d3-4648-b4e3-6bc6c1e14c6a,d2b0bf77-a79f-5026-a892-e0eb2c48c1d1,1,d0cc323b-a04e-4a01-a49e-d84774741b5e
07162635-906b-4099-8eb7-e79e0774956c,baf9ca6e-937b-5c6a-9993-724f7a71cf91,1,4376669d-38a0-4fb8-a17b-8432c557be73
07162635-906b-4099-8eb7-e79e0774956c,d2b0bf77-a79f-5026-a892-e0eb2c48c1d1,1,9be53c65-eef2-49a9-b425-78214c950625
08a8a36f-06a4-4ab2-ba4d-1aa775f7da6b,3e0685b9-b759-5740-a3fb-187094b9ac5f,1,354fe183-efd1-40fd-8be6-e851e6dabf66
08a8a36f-06a4-4ab2-ba4d-1aa775f7da6b,4e8df017-8885-55ef-8c63-325b9636370a,1,c7fcd52b-9c9b-455b-ba08-5773c922c6f4
08a8a36f-06a4-4ab2-ba4d-1aa775f7da6b,576dadcd-ff7a-5f59-8ef9-20e99fe21d13,1,2420a025-d764-4f65-9e3f-191ed0b86d14
08f2dd04-a6a2-4778-829e-e612839223cb,3e0685b9-b759-5740-a3fb-187094b9ac5f,1,aeae8961-76a6-45b1-8191-d9ad53b7cba2
08f2dd04-a6a2-4778-829e-e612839223cb,c044336d-c780-56de-937a-16c5cf0f35e0,1,89990927-195b-4c83-8ec8-438757b6c78f
09ce19f4-b92c-4703-8b54-bfbc29c4d878,4e8df017-8885-55ef-8c63-325b9636370a,1,ad0b8537-dbc5-4858-81b6-d6d1fa15f229
09ce19f4-b92c-4703-8b54-bfbc29c4d878,baf9ca6e-937b-5c6a-9993-724f7a71cf91,2,6035550f-e0fe-4e0d-a85a-5352c047224f
0a29bce5-6bb5-4311-9db6-3fd6a3f5b546,3e0685b9-b759-5740-a3fb-187094b9ac5f,1,0e467d66-e290-4048-85a8-c2b2677586ac
0a72f913-a37c-457b-9012-4f03b8dfa6c2,3e0685b9-b759-5740-a3fb-187094b9ac5f,2,21a2a40e-6bfb-4a2a-baf5-fdfc8a4aa055
0afcb031-af8c-42a4-9ba5-2d94070bbf8c,4e8df017-8885-55ef-8c63-325b9636370a,1,e7a27cd7-21ef-4bed-8490-537a74a3dbd6
0b4eff25-25bc-44ca-a0c8-a360f85334bf,4e8df017-8885-55ef-8c63-325b9636370a,1,f65ef0fd-782e-49e8-99a8-83a42d2bff4c
0b4eff25-25bc-44ca-a0c8-a360f85334bf,c044336d-c780-56de-937a-16c5cf0f35e0,2,7dba8050-bf47-4fc2-a63f-b5a708000dfc
0c2066e6-85f0-4988-9cf5-6c6dd6d5fe48,3e0685b9-b759-5740-a3fb-187094b9ac5f,2,174e85ca-99fe-4317-a7c0-83ffd341aa84
0c317084-3d9b-4b2a-b44b-d135a9476317,576dadcd-ff7a-5f59-8ef9-20e99fe21d13,1,496d9469-70ab-4bd2-8440-5b5e20c2da5c
0c317084-3d9b-4b2a-b44b-d135a9476317,d2b0bf77-a79f-5026-a892-e0eb2c48c1d1,1,5a6ebc7d-ae4f-47aa-a24c-e7695511bac7
0d669f32-5c7f-408a-b48b-e7b48292ead1,576dadcd-ff7a-5f59-8ef9-20e99fe21d13,1,9593eaeb-0d26-4de1-a07d-7ee8b1c85267
0d669f32-5c7f-408a-b48b-e7b48292ead1,baf9ca6e-937b-5c6a-9993-724f7a71cf91,1,22e33a8a-8c98-4b36-a100-7ca03dcec661
0f7ccb25-21ad-4da5-8136-d3840e5178aa,4e8df017-8885-55ef-8c63-325b9636370a,1,3ae757ad-00fc-4dd3-b02d-1907f642e09f
0f7ccb25-21ad-4da5-8136-d3840e5178aa,d2b0bf77-a79f-5026-a892-e0eb2c48c1d1,1,ef1dab28-6bdb-412f-a3ec-85d08dd738ab
101ca913-8f3b-4118-b583-cc710c9b0f95,75e7f049-029c-5e6a-9793-aea4ae8237aa,1,8dfd3185-9027-4c30-afaf-c1e7015964a3
101ca913-8f3b-4118-b583-cc710c9b0f95,c044336d-c780-56de-937a-16c5cf0f35e0,1,714ee24e-ae87-4f74-afb7-d9090f55bab4
10533a66-0cc7-4a31-bd84-d097dce334c2,576dadcd-ff7a-5f59-8ef9-20e99fe21d13,1,2d2113f4-2884-4862-b62f-852fabf4e5aa
10533a66-0cc7-4a31-bd84-d097dce334c2,baf9ca6e-937b-5c6a-9993-724f7a71cf91,1,e15d7d7a-ef1c-4065-8eed-f3a2283c0c42
110294ec-ae14-4b7d-aada-cd859f8fefe6,4e8df017-8885-55ef-8c63-325b9636370a,1,3de20b8e-fd88-4bfc-a9aa-aab957a4ba18
114188ec-7c68-4ad9-a4a9-5743380d5a1e,576dadcd-ff7a-5f59-8ef9-20e99fe21d13,3,16d0e555-b091-4a6e-83ac-88375bda81f1
117ef30a-4618-4372-b168-01392ddbb084,4e8df017-8885-55ef-8c63-325b9636370a,1,d096d9ea-0231-4df5-a68b-27dfd39e8e50
117ef30a-4618-4372-b168-01392ddbb084,c044336d-c780-56de-937a-16c5cf0f35e0,2,5a31d5c7-a264-49a9-913c-c83d305ba235
1199906e-c49a-4631-b7b5-32516ca8193f,3e0685b9-b759-5740-a3fb-187094b9ac5f,1,c353de26-56a7-4e36-aa76-f345663443b0
1199906e-c49a-4631-b7b5-32516ca8193f,4e8df017-8885-55ef-8c63-325b9636370a,2,eaee0608-00bb-4715-ade3-e78472f8e5d2
11b7e42b-a4ae-47b4-a7e5-91d417babb44,3e0685b9-b759-5740-a3fb-187094b9ac5f,1,a71a95b2-46d8-4cce-913b-52067646dfd9
11b7e42b-a4ae-47b4-a7e5-91d417babb44,576dadcd-ff7a-5f59-8ef9-20e99fe21d13,1,cba97b3b-ca50-4085-b7c9-6c4ddd078502
11b7e42b-a4ae-47b4-a7e5-91d417babb44,baf9ca6e-937b-5c6a-9993-724f7a71cf91,1,3971e5ee-1c60-4c0e-87c2-028b7a9de660
11fbecdf-d83b-4afa-860d-c013c01755df,c044336d-c780-56de-937a-16c5cf0f35e0,1,ca786c9e-abeb-4a28-b661-185741ec6c18
11fbecdf-d83b-4afa-860d-c013c01755df,d2b0bf77-a79f-5026-a892-e0eb2c48c1d1,2,8964cb50-2ab6-4575-a496-d74b992de1b9
13ad9df3-b7d2-4387-a466-efce7febc63f,d2b0bf77-a79f-5026-a892-e0eb2c48c1d1,1,e0dc5085-22f9-4b10-a510-902dddf5531b
13b0c29f-49bf-47f2-8765-b1c2f765d8a2,baf9ca6e-937b-5c6a-9993-724f7a71cf91,1,d508c069-a757-49e1-86c6-fb44cb729d66
13b0c29f-49bf-47f2-8765-b1c2f765d8a2,d2b0bf77-a79f-5026-a892-e0eb2c48c1d1,1,cabefc32-1e88-44f9-b401-e2d4086a2bb8
13d02341-4a87-47eb-b013-1a465675add2,3e0685b9-b759-5740-a3fb-187094b9ac5f,1,be7d0aad-3fb8-4984-8660-208157dadd71
13d02341-4a87-47eb-b013-1a465675add2,baf9ca6e-937b-5c6a-9993-724f7a71cf91,1,e4153a60-c865-4a1f-9417-529efe034ccd
13d02341-4a87-47eb-b013-1a465675add2,d2b0bf77-a79f-5026-a892-e0eb2c48c1d1,1,91ffcb9c-f137-4716-bd88-f1dadc653794
15706f5a-6300-4c4f-b985-d186c7931043,3e0685b9-b759-5740-a3fb-187094b9ac5f,1,7677f2b7-0f2c-4181-904f-4d4f54e7eaf9
15706f5a-6300-4c4f-b985-d186c7931043,4e8df017-8885-55ef-8c63-325b9636370a,1,302d28e8-9a9c-40f1-be74-d23f148426ab
15706f5a-6300-4c4f-b985-d186c7931043,c044336d-c780-56de-937a-16c5cf0f35e0,1,4af77232-c803-4fc8-8a29-079e45f2e183
1725cb8a-1f7e-49b0-803c-a63be039a353,576dadcd-ff7a-5f59-8ef9-20e99fe21d13,1,8c6d5366-acda-4731-a671-5370ab677096
1725cb8a-1f7e-49b0-803c-a63be039a353,c044336d-c780-56de-937a-16c5cf0f35e0,1,b532b3bc-6221-4f79-86ac-52fbb79ba0a5
1725cb8a-1f7e-49b0-803c-a63be039a353,d2b0bf77-a79f-5026-a892-e0eb2c48c1d1,1,e0d2be9a-adfa-4f46-b14d-6f6bc10f186c
17adc72a-1b12-49d2-82ea-e9eabfe66b2c,3e0685b9-b759-5740-a3fb-187094b9ac5f,1,328974cd-4821-47fd-af15-08d7310d93c4
17adc72a-1b12-49d2-82ea-e9eabfe66b2c,baf9ca6e-937b-5c6a-9993-724f7a71cf91,1,17151ae4-dc26-4225-b270-017ddb7031bb
18657246-1c54-4853-94d6-370a7b5df57c,c044336d-c780-56de-937a-16c5cf0f35e0,1,435c6c92-87c7-42cb-af4f-4481df3846d8
1867cee3-d9c7-46c6-a947-32e26db71e0a,576dadcd-ff7a-5f59-8ef9-20e99fe21d13,1,0fa7e361-0ce2-4f2c-968a-bee89da8620e
1867cee3-d9c7-46c6-a947-32e26db71e0a,75e7f049-029c-5e6a-9793-aea4ae8237aa,1,10643371-ea79-4b3f-8723-dec76abb7802
18955978-ce12-46c1-87bc-98ea49d49244,4e8df017-8885-55ef-8c63-325b9636370a,1,44ceef05-0f96-4a2b-a7b1-5999fa3481ed
18955978-ce12-46c1-87bc-98ea49d49244,75e7f049-029c-5e6a-9793-aea4ae8237aa,1,6b9ad9c3-a0cb-4bb5-8144-ba188f7c155b
1a1ed155-f383-4410-b7b2-ec775eaee56a,4e8df017-8885-55ef-8c63-325b9636370a,1,fc2446bb-f714-4b85-9709-cb23baeb87a6
1a89004c-ec13-447b-a4aa-e9d0da75969f,baf9ca6e-937b-5c6a-9993-724f7a71cf91,3,9b5cc87e-c72f-4d1b-8823-21b69eaafcdf
1b60b246-5916-4eb1-896b-6ff204e23e74,c044336d-c780-56de-937a-16c5cf0f35e0,2,b30e0a6c-975a-4acb-bc22-a0daada1645e
1ba77ff1-99d1-4639-849c-da08fcae6685,4e8df017-8885-55ef-8c63-325b9636370a,1,72a62810-2723-4f27-8581-2d05b01e6608
1ba77ff1-99d1-4639-849c-da08fcae6685,baf9ca6e-937b-5c6a-9993-724f7a71cf91,1,28b43bea-e37f-409a-9f39-f2d5ccf60eed
1d20cf2f-d796-4d6d-b9e4-6450988edf1c,4e8df017-8885-55ef-8c63-325b9636370a,1,e14982c3-8d16-4ca5-9b3b-37db0a3727d3
1d20cf2f-d796-4d6d-b9e4-6450988edf1c,baf9ca6e-937b-5c6a-9993-724f7a71cf91,2,559e792b-e35a-4832-b033-fa3eb7ffdcfa
1e0eb801-445a-45c1-b3b7-661c713e28f0,baf9ca6e-937b-5c6a-9993-724f7a71cf91,1,640f1f04-aca1-41d6-b8b2-87689798f926
1e5ff570-4624-488b-a94c-b32d2883ecbc,3e0685b9-b759-5740-a3fb-187094b9ac5f,2,e923b4c9-afad-4be5-8b14-c2097d5374c5
1e90fe34-4690-4457-9be0-147889c17727,3e0685b9-b759-5740-a3fb-187094b9ac5f,1,bcfe251c-8e5f-48cf-b06a-962a2f740b36
1e90fe34-4690-4457-9be0-147889c17727,576dadcd-ff7a-5f59-8ef9-20e99fe21d13,1,840c7dda-764e-4d1e-9691-e24592980e06
1e90fe34-4690-4457-9be0-147889c17727,d2b0bf77-a79f-5026-a892-e0eb2c48c1d1,1,063c9424-9419-43f1-8579-a26e14c33148
1ebeacc7-960e-4ad6-894a-51c45d6483b4,75e7f049-029c-5e6a-9793-aea4ae8237aa,1,96c9f53f-32f4-4642-b126-ba7385884db9
1ebeacc7-960e-4ad6-894a-51c45d6483b4,c044336d-c780-56de-937a-16c5cf0f35e0,1,80aa9e7d-3c44-4522-976b-0c7566962d34
1ee7515f-4ceb-4eb1-8af1-6f3b315e4f9d,3e0685b9-b759-5740-a3fb-187094b9ac5f,2,85e6ef61-bd1f-4c01-91a1-75c748362f13
1f08637c-0bab-4d7b-a9ec-d6a228d6e2ad,4e8df017-8885-55ef-8c63-325b9636370a,1,b7bc6ba4-9bd8-4692-b9c7-1d65d3173d80
1f08637c-0bab-4d7b-a9ec-d6a228d6e2ad,576dadcd-ff7a-5f59-8ef9-20e99fe21d13,1,c5e9f751-3404-4591-b118-9ca3e7fffa4f
1f08637c-0bab-4d7b-a9ec-d6a228d6e2ad,c044336d-c780-56de-937a-16c5cf0f35e0,1,9bbbd671-5918-47a9-9d31-b3dd1751f513
20e69153-f12d-4056-8546-95d289256a1a,576dadcd-ff7a-5f59-8ef9-20e99fe21d13,1,b49a6cad-5162-47e7-9264-b35f7a908ad7
20e69153-f12d-4056-8546-95d289256a1a,75e7f049-029c-5e6a-9793-aea4ae8237aa,1,18d23bf7-4d57-4128-b0e6-af3e4e6f34f9
20e69153-f12d-4056-8546-95d289256a1a,baf9ca6e-937b-5c6a-9993-724f7a71cf91,1,2922d99f-402b-45d3-8650-1eae39260453
20fc619f-8217-438c-84eb-c0ceb5dea8fc,baf9ca6e-937b-5c6a-9993-724f7a71cf91,1,a0973d29-d0f4-4944-b53f-e14bfd23f543
20fc619f-8217-438c-84eb-c0ceb5dea8fc,c044336d-c780-56de-937a-16c5cf0f35e0,1,7a4d089d-2982-44b6-ba14-a784b88970fa
20fc619f-8217-438c-84eb-c0ceb5dea8fc,d2b0bf77-a79f-5026-a892-e0eb2c48c1d1,1,f0e51cf8-17a7-46ec-8f55-adeaa204ebfd
20fe32f1-9c10-433a-ac64-9d879d85be89,4e8df017-8885-55ef-8c63-325b9636370a,1,9e23ba1a-237c-4cda-831f-5ca0ff21c727
20fe32f1-9c10-433a-ac64-9d879d85be89,75e7f049-029c-5e6a-9793-aea4ae8237aa,1,f422c602-bfba-4ab0-a0df-7a83628e687f
20fe32f1-9c10-433a-ac64-9d879d85be89,d2b0bf77-a79f-5026-a892-e0eb2c48c1d1,1,e36c324f-d75c-4c81-a284-16ccaa77871d
22ac9bc8-cc1a-4a08-8776-6280ef737f6c,baf9ca6e-937b-5c6a-9993-724f7a71cf91,1,5f99541c-1a27-4380-a150-30089fdbe819
247d2913-84c3-4419-9953-1eeae744218d,576dadcd-ff7a-5f59-8ef9-20e99fe21d13,1,5840298f-d263-4aa1-a536-4e1d3646544f
24bd7eeb-1718-4d87-94c9-c4e2ab85fcf2,3e0685b9-b759-5740-a3fb-187094b9ac5f,1,e1bec9bd-357f-43c8-8b85-0f702914be86
24bd7eeb-1718-4d87-94c9-c4e2ab85fcf2,75e7f049-029c-5e6a-9793-aea4ae8237aa,1,152f5392-94e1-42ae-aaf1-ccf6c276b19b
24bd7eeb-1718-4d87-94c9-c4e2ab85fcf2,c044336d-c780-56de-937a-16c5cf0f35e0,1,6ce9176d-849a-42b5-84f8-323457f0f772
24c4344b-2612-483f-854d-a4f30f0119c0,4e8df017-8885-55ef-8c63-325b9636370a,1,7b3d3009-5582-476a-a31f-3510fbc89d91
24c4344b-2612-483f-854d-a4f30f0119c0,576dadcd-ff7a-5f59-8ef9-20e99fe21d13,1,17fbd5fc-161c-408f-b454-63d2582ccd01
25140fce-d3c2-44c7-8996-2f806e15a1e0,3e0685b9-b759-5740-a3fb-187094b9ac5f,1,7ec83d56-86c7-4e3f-b812-82e406a3721c
25140fce-d3c2-44c7-8996-2f806e15a1e0,576dadcd-ff7a-5f59-8ef9-20e99fe21d13,1,29b512bd-1ecd-4cbe-99d3-abb79ccc2e31
25140fce-d3c2-44c7-8996-2f806e15a1e0,d2b0bf77-a79f-5026-a892-e0eb2c48c1d1,1,26b68c53-9e88-4513-ab4b-91f099488db3
26fd69ac-9c7a-46d2-80e4-67871545c9e6,baf9ca6e-937b-5c6a-9993-724f7a71cf91,2,58202bd3-6c8a-4778-bc17-214027b78eb0
2718be1f-cb13-4054-91a7-be4b470dffe6,4e8df017-8885-55ef-8c63-325b9636370a,1,f11da07d-a918-4b1d-9391-80be124da5e5
2718be1f-cb13-4054-91a7-be4b470dffe6,576dadcd-ff7a-5f59-8ef9-20e99fe21d13,1,5e151001-bfab-4c87-9a14-0db3fce57f16
274cd803-8a98-41c4-b26c-fbb15219091f,576dadcd-ff7a-5f59-8ef9-20e99fe21d13,1,5e17be12-ab29-45b0-9faa-de8e6b5c9c68
2774fea5-950b-4fd7-ac40-c3b08819c9a5,3e0685b9-b759-5740-a3fb-187094b9ac5f,1,171d4ec4-4199-48f6-b479-fa2ca17bc985
2774fea5-950b-4fd7-ac40-c3b08819c9a5,4e8df017-8885-55ef-8c63-325b9636370a,1,366b7f52-0fdb-4a81-b14c-c04998137ec1
2774fea5-950b-4fd7-ac40-c3b08819c9a5,c044336d-c780-56de-937a-16c5cf0f35e0,1,e7427991-0075-4240-b672-9f97dedcbfac
277ce4c5-56da-419b-aeee-74895b3caeb5,576dadcd-ff7a-5f59-8ef9-20e99fe21d13,1,eab379ee-99db-4530-95df-2374c00af82b
277ce4c5-56da-419b-aeee-74895b3caeb5,75e7f049-029c-5e6a-9793-aea4ae8237aa,1,0de63c43-08db-432b-8135-05890e26729e
277ce4c5-56da-419b-aeee-74895b3caeb5,baf9ca6e-937b-5c6a-9993-724f7a71cf91,1,8930f522-2cf9-44c7-a6e0-c5d9de69224c
27a7cbca-c08a-4e74-855a-986e2b22c5b1,3e0685b9-b759-5740-a3fb-187094b9ac5f,1,057e3a10-0a81-4739-bbf5-35ddfd69c487
27a7cbca-c08a-4e74-855a-986e2b22c5b1,4e8df017-8885-55ef-8c63-325b9636370a,1,4d8fce08-6d3b-4448-8a05-7ad4844f3d08
27a7cbca-c08a-4e74-855a-986e2b22c5b1,576dadcd-ff7a-5f59-8ef9-20e99fe21d13,1,eb3d46a1-276b-429b-b111-318795b51097
28dc76c4-3714-41d7-9c05-053d9776122e,3e0685b9-b759-5740-a3fb-187094b9ac5f,1,fa0a56fa-bce7-4747-aa2e-34c49afb17d4
28dc76c4-3714-41d7-9c05-053d9776122e,75e7f049-029c-5e6a-9793-aea4ae8237aa,1,0152dc26-1c73-4962-893f-3bfd2abad093
28dc76c4-3714-41d7-9c05-053d9776122e,baf9ca6e-937b-5c6a-9993-724f7a71cf91,1,7ca646d6-a3a2-4b16-bca5-cc0c1692fd05
29680c95-1832-4fb7-b751-a459941c8001,4e8df017-8885-55ef-8c63-325b9636370a,1,d4c53a5b-03df-4358-a494-ccb2466bf5ec
29680c95-1832-4fb7-b751-a459941c8001,baf9ca6e-937b-5c6a-9993-724f7a71cf91,1,cd82e844-5327-4a0a-996f-66a8221009d6
2a575bbc-fa99-4235-9a93-bf6b27643b7c,3e0685b9-b759-5740-a3fb-187094b9ac5f,1,ceed5a1d-796f-466e-9337-d74709644366
2a575bbc-fa99-4235-9a93-bf6b27643b7c,576dadcd-ff7a-5f59-8ef9-20e99fe21d13,1,3976fdee-7e7a-46cd-88d0-2e9061b22a4d
2a575bbc-fa99-4235-9a93-bf6b27643b7c,baf9ca6e-937b-5c6a-9993-724f7a71cf91,1,9a9f33cb-c177-4468-9d4c-ea0d69548fc8
2aab430e-5043-453d-8887-0f4855681125,75e7f049-029c-5e6a-9793-aea4ae8237aa,1,991c0581-065a-46f9-8f0a-b64e89e0999a
2aab430e-5043-453d-8887-0f4855681125,baf9ca6e-937b-5c6a-9993-724f7a71cf91,1,cac0862e-e475-497e-a8df-5968658ae458
2aab430e-5043-453d-8887-0f4855681125,d2b0bf77-a79f-5026-a892-e0eb2c48c1d1,1,5f32abf1-f3d0-4093-839a-57c56b259316
2c0d31e8-b792-4533-86b4-99fbca93c50a,4e8df017-8885-55ef-8c63-325b9636370a,1,3f96e97c-076c-4cfc-8333-5c67ff38d1dd
2c0d31e8-b792-4533-86b4-99fbca93c50a,d2b0bf77-a79f-5026-a892-e0eb2c48c1d1,1,ebd81902-8687-45b0-950c-e375b6a1978f
2e4e4534-ac0a-4c98-b9f4-aad89c71cfe7,4e8df017-8885-55ef-8c63-325b9636370a,1,944e6581-36e9-40e6-aab0-ebb26a9a2daf
2e4e4534-ac0a-4c98-b9f4-aad89c71cfe7,75e7f049-029c-5e6a-9793-aea4ae8237aa,1,1743ed88-0572-46ed-8216-473e9cd0c3bb
2e4e4534-ac0a-4c98-b9f4-aad89c71cfe7,d2b0bf77-a79f-5026-a892-e0eb2c48c1d1,1,ac374e6f-d77e-41e3-aca0-c375fca0afe0
2f37ccfc-6a87-4cd7-8123-2b38cd15317f,3e0685b9-b759-5740-a3fb-187094b9ac5f,1,84658f31-8f90-406b-848f-1f99adc803b2
2f37ccfc-6a87-4cd7-8123-2b38cd15317f,4e8df017-8885-55ef-8c63-325b9636370a,1,386d5cde-804e-4def-af2a-0388df06f310
2f37ccfc-6a87-4cd7-8123-2b38cd15317f,baf9ca6e-937b-5c6a-9993-724f7a71cf91,1,264c7dcd-0e14-42b5-ade1-225865c98ded
2fb9ea6d-7cab-48db-8304-1af59458d663,d2b0bf77-a79f-5026-a892-e0eb2c48c1d1,1,a3d3e8c5-d331-4899-801d-12802a77b69f
31ea92ff-af51-4882-87f9-504128785086,4e8df017-8885-55ef-8c63-325b9636370a,1,4b663d69-37d7-4240-b2fc-b7660b6c92d4
31ea92ff-af51-4882-87f9-504128785086,576dadcd-ff7a-5f59-8ef9-20e99fe21d13,1,99eb57b0-1869-484c-af2e-6ae99f1bbce8
32284804-94be-4173-a584-e17406d201e7,75e7f049-029c-5e6a-9793-aea4ae8237aa,1,dfe061be-8144-423e-9de7-9cefc7367a7a
32284804-94be-4173-a584-e17406d201e7,baf9ca6e-937b-5c6a-9993-724f7a71cf91,1,2bde3c06-ba88-4080-961a-84313d428d3d
32284804-94be-4173-a584-e17406d201e7,c044336d-c780-56de-937a-16c5cf0f35e0,1,827f99c9-e744-495c-8458-4f5d777d6b8e
32cf344d-c101-43ed-ae08-f75dfc9fc0de,3e0685b9-b759-5740-a3fb-187094b9ac5f,1,60f186fd-e82b-483c-8be3-35a96b24885e
32cf344d-c101-43ed-ae08-f75dfc9fc0de,75e7f049-029c-5e6a-9793-aea4ae8237aa,1,c2fe6434-6f03-4852-a0df-5e5b3d24a5cf
330daef8-bd74-4568-9f44-8aa7f7e05c68,4e8df017-8885-55ef-8c63-325b9636370a,2,d722f882-42e1-4c18-a385-3b7135883e0b
330daef8-bd74-4568-9f44-8aa7f7e05c68,d2b0bf77-a79f-5026-a892-e0eb2c48c1d1,1,95a48f91-0f89-4524-b7d0-2e3b05dd4c41
332692bd-f76a-4a4d-a6db-92a242bc5414,75e7f049-029c-5e6a-9793-aea4ae8237aa,1,85e95bf1-7fd3-4dc3-8d6b-9c712c12c29b
342146ee-98e8-4aac-b4d7-02ac3a0fb1ca,75e7f049-029c-5e6a-9793-aea4ae8237aa,2,2d28dcfe-ba0d-4ab6-b707-711f9fb3fb3e
362e554e-ea5a-4c4d-b53b-0f60354d4057,4e8df017-8885-55ef-8c63-325b9636370a,2,02d5ce24-f0e5-40d4-819f-8e2416586011
36b85544-e23f-428d-971c-0515e47b564b,3e0685b9-b759-5740-a3fb-187094b9ac5f,1,c1177900-8385-442c-a15a-8aeec16aadca
36b85544-e23f-428d-971c-0515e47b564b,baf9ca6e-937b-5c6a-9993-724f7a71cf91,1,caaebf38-d27a-48aa-8315-5be01c43bad9
36dee3d9-70f1-46a0-8e22-f41f0d5742c2,75e7f049-029c-5e6a-9793-aea4ae8237aa,2,7ef50265-1b45-44e3-8e23-5340e5004d4a
36dee3d9-70f1-46a0-8e22-f41f0d5742c2,baf9ca6e-937b-5c6a-9993-724f7a71cf91,1,778fc65b-b9db-4b5d-b6b4-f3cc82f0e40c
3742898c-dced-4bbe-9110-3e580fe45b1f,576dadcd-ff7a-5f59-8ef9-20e99fe21d13,1,a88ffbea-df6b-47b0-9d49-bc0ec888abeb
3742898c-dced-4bbe-9110-3e580fe45b1f,75e7f049-029c-5e6a-9793-aea4ae8237aa,1,d6950d94-44f9-44d4-b74a-432fe7b4e9d6
377f8c15-a487-4a5e-bfe0-946f502acb33,576dadcd-ff7a-5f59-8ef9-20e99fe21d13,1,16cdc22d-78d9-4992-868e-626bcc830ee3
377f8c15-a487-4a5e-bfe0-946f502acb33,75e7f049-029c-5e6a-9793-aea4ae8237aa,1,57291ad4-e080-4d5e-b85f-78f65727936c
377f8c15-a487-4a5e-bfe0-946f502acb33,baf9ca6e-937b-5c6a-9993-724f7a71cf91,1,9ddb0b89-9706-4e1d-b704-23b5b02ae6a7
37aaec7e-ec60-4f89-adea-7ad4521a18ab,75e7f049-029c-5e6a-9793-aea4ae8237aa,1,109d0111-d3aa-4f8c-8588-9fe2309036d0
37aaec7e-ec60-4f89-adea-7ad4521a18ab,baf9ca6e-937b-5c6a-9993-724f7a71cf91,1,2ef0a90a-f38c-4741-9a3c-8b4b0014a10e
38691af7-13d5-4498-a19f-1d70f97e9e01,4e8df017-8885-55ef-8c63-325b9636370a,2,73084cc2-5e91-4239-a51e-fed500f786f9
38691af7-13d5-4498-a19f-1d70f97e9e01,c044336d-c780-56de-937a-16c5cf0f35e0,1,79aba85b-b95e-4146-8c7e-1b1482209304
38a4a493-a4db-4ffa-b4a2-08d3acb069b4,3e0685b9-b759-5740-a3fb-187094b9ac5f,1,04217f70-3897-4034-a21e-31dee56a3aec
38a4a493-a4db-4ffa-b4a2-08d3acb069b4,576dadcd-ff7a-5f59-8ef9-20e99fe21d13,2,aaf6950e-fa24-459a-bea8-16ad7c2473cc
3b0476ae-8310-4e5b-b26d-c4c2f897f6fa,baf9ca6e-937b-5c6a-9993-724f7a71cf91,1,05beb1a1-70cd-4fff-b58a-b9280028d58a
3b4c2e59-69bd-40a0-9b62-05dddb8315c2,baf9ca6e-937b-5c6a-9993-724f7a71cf91,1,3f9d3565-d467-4350-b9b7-b56dfb1cdf03
3cb07645-5f4c-4e2f-9e97-02b66aa18586,4e8df017-8885-55ef-8c63-325b9636370a,1,d830f71d-b86b-449f-b24a-5379a915fe53
3cb07645-5f4c-4e2f-9e97-02b66aa18586,75e7f049-029c-5e6a-9793-aea4ae8237aa,1,264b07f4-7c27-454f-bb98-4173db049555
3d55b4b3-a1a6-4527-922f-c54db2a71002,3e0685b9-b759-5740-a3fb-187094b9ac5f,1,9e20bbee-b8a2-4b6e-9a15-1fc09a60d0b2
3d55b4b3-a1a6-4527-922f-c54db2a71002,d2b0bf77-a79f-5026-a892-e0eb2c48c1d1,1,5559089e-c089-455c-9e9f-e4f5879f09b9
3dfcea34-80c4-40de-979e-9c4556cc538e,75e7f049-029c-5e6a-9793-aea4ae8237aa,1,9bdc7005-3111-4189-9c3f-1ebfeb6df721
3dfcea34-80c4-40de-979e-9c4556cc538e,d2b0bf77-a79f-5026-a892-e0eb2c48c1d1,1,eedc5d5c-4a3c-42d3-863c-a1ec9b6f14e4
3e01f52e-4323-43dd-8f0e-1576b7a2738d,4e8df017-8885-55ef-8c63-325b9636370a,1,54fc469a-5cae-48b6-9a1e-68b69b0a0925
3e01f52e-4323-43dd-8f0e-1576b7a2738d,baf9ca6e-937b-5c6a-9993-724f7a71cf91,1,ba3c0791-7c6e-4d60-82bf-d958935ddd14
3e93c429-5954-4a96-b8e1-741c606b777d,3e0685b9-b759-5740-a3fb-187094b9ac5f,1,8903b30e-6670-4807-a686-e71b1a723c21
3e93c429-5954-4a96-b8e1-741c606b777d,baf9ca6e-937b-5c6a-9993-724f7a71cf91,1,83564e44-a6e8-4f2c-92e4-072f5c30289c
3fe27151-825d-4daf-b071-e3581ee576bd,4e8df017-8885-55ef-8c63-325b9636370a,1,7319c58b-f1ae-41dd-bc44-8ef2724d9999
3fe27151-825d-4daf-b071-e3581ee576bd,576dadcd-ff7a-5f59-8ef9-20e99fe21d13,1,1e87704b-05dc-45b1-a81d-e2eda1c4dac4
3fe27151-825d-4daf-b071-e3581ee576bd,d2b0bf77-a79f-5026-a892-e0eb2c48c1d1,1,b35a2f12-861a-4fb7-ad66-72793f062e64
4030e459-2bed-4347-9137-6a044f2c41fa,4e8df017-8885-55ef-8c63-325b9636370a,1,c1882b23-da8b-4210-9179-b96cd0d30db4
4065fbc4-a3a9-4613-b646-531600db50aa,3e0685b9-b759-5740-a3fb-187094b9ac5f,1,faf44f82-c6f1-4984-be78-45d6d1d47171
42917300-9ae9-4872-8ad0-f1b0896d382c,4e8df017-8885-55ef-8c63-325b9636370a,1,0a7e0684-a49b-49c7-a14f-4e32f4fe6a66
42917300-9ae9-4872-8ad0-f1b0896d382c,576dadcd-ff7a-5f59-8ef9-20e99fe21d13,1,47b9515a-344a-41f5-a6f5-0e475ebb52eb
42917300-9ae9-4872-8ad0-f1b0896d382c,c044336d-c780-56de-937a-16c5cf0f35e0,1,57cc43ce-9ad4-4c80-9f08-b477cc309651
4330c417-5cad-4042-bc68-1112b58c2837,c044336d-c780-56de-937a-16c5cf0f35e0,1,8c5c2834-814d-4e01-8f4c-dcad70cbbf59
440eafcb-001b-4fdf-ade9-253472edced8,3e0685b9-b759-5740-a3fb-187094b9ac5f,1,f02d04ac-4022-48e2-bd74-4835b43f262e
440eafcb-001b-4fdf-ade9-253472edced8,75e7f049-029c-5e6a-9793-aea4ae8237aa,1,1b49ee42-9b96-4e43-ad28-4e27dc75bb0c
440eafcb-001b-4fdf-ade9-253472edced8,baf9ca6e-937b-5c6a-9993-724f7a71cf91,1,ae1559ab-b6a9-4850-a3db-ba6d83bd5497
44346c6d-c24f-4826-916e-59a6ff9cc6be,75e7f049-029c-5e6a-9793-aea4ae8237aa,1,b94ed1a7-09c8-470a-b176-a93de3f2a438
44346c6d-c24f-4826-916e-59a6ff9cc6be,baf9ca6e-937b-5c6a-9993-724f7a71cf91,1,543a388d-b19e-4dcf-a2c2-9b2b0398370c
447097f6-6821-4e27-91be-487843da16ae,75e7f049-029c-5e6a-9793-aea4ae8237aa,1,6cbba284-14c9-46ed-ba05-b4237c250e3e
447097f6-6821-4e27-91be-487843da16ae,c044336d-c780-56de-937a-16c5cf0f35e0,1,022a0f2e-6bc9-44fb-915e-0f4117a64609
447097f6-6821-4e27-91be-487843da16ae,d2b0bf77-a79f-5026-a892-e0eb2c48c1d1,1,816a2fbc-d4d0-4728-a015-3907d1bb2a9f
44814a11-72fa-4d12-9c0e-816736aa1ce4,baf9ca6e-937b-5c6a-9993-724f7a71cf91,1,d00a3aba-d352-4464-8e98-8922f6273ad2
44814a11-72fa-4d12-9c0e-816736aa1ce4,c044336d-c780-56de-937a-16c5cf0f35e0,1,fc78a0b0-7d30-40fd-8031-a9e4ad12f91d
45fd66f6-69df-48f0-a236-c310829d1907,baf9ca6e-937b-5c6a-9993-724f7a71cf91,1,6c70d655-5d7d-4604-ae8c-0b49730b349c
45fd66f6-69df-48f0-a236-c310829d1907,d2b0bf77-a79f-5026-a892-e0eb2c48c1d1,2,7a3ca7fb-3566-4390-bd60-75f0ff993e58
46c7972d-5c55-46b0-b0ce-3e5adafe849c,d2b0bf77-a79f-5026-a892-e0eb2c48c1d1,1,80828504-307e-4bfb-a7d1-f05d3283b1f1
46cd87a3-30aa-4364-a8aa-eec30922495c,3e0685b9-b759-5740-a3fb-187094b9ac5f,1,1ddeb22e-8289-4bd7-a93b-6e2a52629539
46e41d06-c984-4600-9128-4397c0a9c71c,c044336d-c780-56de-937a-16c5cf0f35e0,1,d3c5b2f0-22dd-49d3-bd48-c9daecc08dd1
46eefdbc-99d2-4969-8152-833668dcae1f,75e7f049-029c-5e6a-9793-aea4ae8237aa,1,1a82c95b-28d4-434e-96d6-74ec7e9608ba
46eefdbc-99d2-4969-8152-833668dcae1f,c044336d-c780-56de-937a-16c5cf0f35e0,1,c8d06d26-c5a0-45bf-b2d9-367c592d54d6
473953fd-b9ad-4777-afaf-f6a4c3617f25,baf9ca6e-937b-5c6a-9993-724f7a71cf91,1,f629a161-ddc2-495a-8027-d59d8dc26556
473953fd-b9ad-4777-afaf-f6a4c3617f25,d2b0bf77-a79f-5026-a892-e0eb2c48c1d1,1,264bc2fa-2ae9-46bc-835b-4d3bc3a1cd53
4752e8bd-a54b-475e-b4fd-f53176c04339,576dadcd-ff7a-5f59-8ef9-20e99fe21d13,1,061290ce-3e40-4b84-8014-ad6e8e2da087
4b79cb7d-4201-4ade-b7d4-0972358fa6aa,c044336d-c780-56de-937a-16c5cf0f35e0,1,fdf9ddc1-6e9d-4823-b7ef-2ddcb0cc45ab
501a0952-64f7-43f9-bf55-a41a61ff8c89,576dadcd-ff7a-5f59-8ef9-20e99fe21d13,2,46b35f88-9b10-43c0-822a-af7466837176
504e3e5b-82fa-44f8-ab26-6b02048ea782,3e0685b9-b759-5740-a3fb-187094b9ac5f,2,f7cbe501-3365-424f-96f4-0f123291d6df
504e3e5b-82fa-44f8-ab26-6b02048ea782,baf9ca6e-937b-5c6a-9993-724f7a71cf91,1,7bb512ac-0218-4c06-a509-57b0104e71e3
50983302-1ef0-4331-8a71-31819c157e2a,576dadcd-ff7a-5f59-8ef9-20e99fe21d13,1,2a0d7979-ba6a-4064-8c0a-c7c7024e9953
514cfe32-18af-406b-baab-4b851af93830,c044336d-c780-56de-937a-16c5cf0f35e0,1,4fbfbfad-0d11-4fc7-ab8f-26302f9a8fc6
52d0fa32-295a-4106-abae-970b1d91a0fb,baf9ca6e-937b-5c6a-9993-724f7a71cf91,2,e6c6d0b3-c938-4eec-9562-ecc3ff2cb560
5488f632-4cc1-40a9-8113-cca56220a733,576dadcd-ff7a-5f59-8ef9-20e99fe21d13,1,b29fcc13-faa8-4107-905a-d47d5b81cd0a
560b09d7-f08c-4756-80c7-2f7fe64b92ad,4e8df017-8885-55ef-8c63-325b9636370a,1,8780622d-4bd1-43ae-a791-17c27f6c65cc
560b09d7-f08c-4756-80c7-2f7fe64b92ad,75e7f049-029c-5e6a-9793-aea4ae8237aa,1,d1411a14-c2aa-4d32-977e-80232d281f0b
565ac574-e3e1-4434-8774-51637bcf1b58,576dadcd-ff7a-5f59-8ef9-20e99fe21d13,1,1a345319-c4e2-4494-a551-7ca2e5f7d459
56781b16-3c91-4fed-a33a-d3392789696f,4e8df017-8885-55ef-8c63-325b9636370a,1,ec1c1537-013b-46cd-b4f4-02a41e2404af
56781b16-3c91-4fed-a33a-d3392789696f,576dadcd-ff7a-5f59-8ef9-20e99fe21d13,1,4901afe7-807f-452b-9d7c-10de8173efb5
5680b462-3f62-4fcf-b8d9-79603ba4ab11,4e8df017-8885-55ef-8c63-325b9636370a,1,7eb239c1-ed4c-442f-bb51-cec91bac06b9
5680b462-3f62-4fcf-b8d9-79603ba4ab11,75e7f049-029c-5e6a-9793-aea4ae8237aa,1,95905519-13aa-4245-88d9-99484e66bca5
5688742f-24ef-4747-926f-c9bcebe543d2,c044336d-c780-56de-937a-16c5cf0f35e0,1,9e7d38c4-3113-4103-8b29-0a7e9470ff69
5688742f-24ef-4747-926f-c9bcebe543d2,d2b0bf77-a79f-5026-a892-e0eb2c48c1d1,2,038baaec-5fd5-422d-a26c-57aac3e803d9
57db8e96-05e1-4173-87e6-ff4c16e6bb92,4e8df017-8885-55ef-8c63-325b9636370a,1,1377e145-40d7-499e-b6c5-56b4a9835ac9
57db8e96-05e1-4173-87e6-ff4c16e6bb92,576dadcd-ff7a-5f59-8ef9-20e99fe21d13,1,e9d41d07-b616-4c89-9bd9-74449214b420
57fc036f-5bd8-4e63-ba8e-5e300853043e,3e0685b9-b759-5740-a3fb-187094b9ac5f,1,b663eb69-d3e7-49a4-9b47-25e676aa8900
57fc036f-5bd8-4e63-ba8e-5e300853043e,4e8df017-8885-55ef-8c63-325b9636370a,1,fb48c700-c215-47e9-aa47-e2ce47e5a455
59fe7e91-4c11-48c8-aedb-2b0372ff754d,4e8df017-8885-55ef-8c63-325b9636370a,1,f300baf3-1143-4f18-a3c6-2fb33659270a
59fe7e91-4c11-48c8-aedb-2b0372ff754d,d2b0bf77-a79f-5026-a892-e0eb2c48c1d1,1,5da86b9f-7d42-4062-ac65-5ca21d1917a3
5a2d14bf-6c9d-4d7b-ab29-132c49bf37bb,75e7f049-029c-5e6a-9793-aea4ae8237aa,1,be6e23f5-ccc5-4d76-bbf0-c7a3e681b08d
5a2d14bf-6c9d-4d7b-ab29-132c49bf37bb,c044336d-c780-56de-937a-16c5cf0f35e0,1,6878d0a9-e660-49dc-8342-e0c45f3b4c07
5b5a4416-664d-476a-8f8f-4d3ec03ab372,4e8df017-8885-55ef-8c63-325b9636370a,1,f8992c65-7be3-4d87-8fbc-7918fc77b649
5b5a4416-664d-476a-8f8f-4d3ec03ab372,c044336d-c780-56de-937a-16c5cf0f35e0,1,62a798d6-ad5e-44da-8cb8-7de4379e5664
5bccb344-cd84-4c6e-a658-65dd0cc39dba,3e0685b9-b759-5740-a3fb-187094b9ac5f,2,b1884c52-abc5-4331-80ba-653ea00beb11
5c12f4fc-bd67-4d23-9887-f6dd508853fa,4e8df017-8885-55ef-8c63-325b9636370a,1,3793a535-126f-4bb4-98ee-7e2fcc57fd9e
5c12f4fc-bd67-4d23-9887-f6dd508853fa,baf9ca6e-937b-5c6a-9993-724f7a71cf91,1,f13bab25-9e1c-4a2c-b596-ab0e4b0d25b2
5c12f4fc-bd67-4d23-9887-f6dd508853fa,d2b0bf77-a79f-5026-a892-e0eb2c48c1d1,1,6afa1592-704a-4a03-8315-74cac19408d2
5c56e074-9860-4bb0-8798-a08737f85294,4e8df017-8885-55ef-8c63-325b9636370a,1,10574d55-2e80-4943-8e0f-ed5bd79a60d2
5c56e074-9860-4bb0-8798-a08737f85294,c044336d-c780-56de-937a-16c5cf0f35e0,1,a4bb8460-5add-4639-bd7e-e63e64e4afa5
5c9f4f34-2a4f-489b-8304-e573a9313beb,576dadcd-ff7a-5f59-8ef9-20e99fe21d13,1,eadc25dc-1b2b-4c9b-8305-387f14cc3ed6
5c9f4f34-2a4f-489b-8304-e573a9313beb,75e7f049-029c-5e6a-9793-aea4ae8237aa,1,cb37db56-8395-4d08-a4a6-0d83418163d3
5c9f4f34-2a4f-489b-8304-e573a9313beb,c044336d-c780-56de-937a-16c5cf0f35e0,1,574a16c8-edcc-4af3-a6d0-b084250fe355
5cf0281f-4271-46c7-abb2-489d2a488e52,baf9ca6e-937b-5c6a-9993-724f7a71cf91,1,07c3ae3c-b5d6-469b-a074-34d7a0d9eaa5
5cf0281f-4271-46c7-abb2-489d2a488e52,d2b0bf77-a79f-5026-a892-e0eb2c48c1d1,1,20e2d34a-3638-442a-ac1b-d095a5b78abf
5d434b8d-8373-4da0-ae04-eb46952604b8,baf9ca6e-937b-5c6a-9993-724f7a71cf91,1,cda66bed-d5f8-450d-8598-bb56f726f35e
5d7c1693-2ae4-4e8c-ac85-78c1e970f1c4,3e0685b9-b759-5740-a3fb-187094b9ac5f,1,9155a3f7-5c05-4bbc-a364-5eacde4edb9a
5eccf79e-9a2f-4f4b-9e41-a1b8a1dedd74,3e0685b9-b759-5740-a3fb-187094b9ac5f,1,124dc2e3-d892-4352-a3e5-354888d6d876
5eccf79e-9a2f-4f4b-9e41-a1b8a1dedd74,75e7f049-029c-5e6a-9793-aea4ae8237aa,1,d628fdc9-f1b4-48e3-a429-549344196412
5eccf79e-9a2f-4f4b-9e41-a1b8a1dedd74,baf9ca6e-937b-5c6a-9993-724f7a71cf91,1,338097fb-9e5e-42d9-8afc-d2d7adc41e8c
5f66cbd6-8b24-4a45-b99e-d2107af8f00f,3e0685b9-b759-5740-a3fb-187094b9ac5f,1,9ddf4905-e1f0-4aca-b9f7-e9028c0c0f36
5f66cbd6-8b24-4a45-b99e-d2107af8f00f,75e7f049-029c-5e6a-9793-aea4ae8237aa,1,58d72ee5-e767-481d-a054-888ec0b73458
5f66cbd6-8b24-4a45-b99e-d2107af8f00f,baf9ca6e-937b-5c6a-9993-724f7a71cf91,1,bbca593a-228c-4e0f-87f7-09b0830e3d85
6028c10b-b85d-43dc-ac37-858d03290dec,3e0685b9-b759-5740-a3fb-187094b9ac5f,1,bfb306d3-ce72-4566-9905-86fbff73e8b8
614b38f4-c8bf-45f4-b8b4-ce101bcb050d,3e0685b9-b759-5740-a3fb-187094b9ac5f,1,9bf545d9-7e43-4891-866c-45c3c5ecd596
614b38f4-c8bf-45f4-b8b4-ce101bcb050d,c044336d-c780-56de-937a-16c5cf0f35e0,1,4a5a80ad-4046-4bb4-aab1-f67d5329ecae
61570ce4-a046-45f6-b856-62391c3c0bf2,4e8df017-8885-55ef-8c63-325b9636370a,1,449e3dd4-772e-4a07-9728-05269f1aaf2e
61570ce4-a046-45f6-b856-62391c3c0bf2,baf9ca6e-937b-5c6a-9993-724f7a71cf91,1,e9e39b1e-355f-4434-9dbd-992748407918
615ae5f8-def5-46b0-8a16-fac817691fad,3e0685b9-b759-5740-a3fb-187094b9ac5f,1,1b6d1277-7adc-479b-93f9-6499ae8cae79
615ae5f8-def5-46b0-8a16-fac817691fad,d2b0bf77-a79f-5026-a892-e0eb2c48c1d1,1,d0cc6e64-c408-4804-ac59-eada1b47fd35
6164fb91-7555-48cd-b151-191cb165fbe6,3e0685b9-b759-5740-a3fb-187094b9ac5f,1,8e9901cc-c404-4b4d-930c-fb618f46adab
6164fb91-7555-48cd-b151-191cb165fbe6,75e7f049-029c-5e6a-9793-aea4ae8237aa,1,18e2c8e8-7072-4757-967e-195185d2cd07
6206a74d-35bf-4589-bc94-747b55132d9c,75e7f049-029c-5e6a-9793-aea4ae8237aa,1,6493b692-885d-441e-a381-e9d73a262933
6206a74d-35bf-4589-bc94-747b55132d9c,c044336d-c780-56de-937a-16c5cf0f35e0,1,d35c636c-de29-41e3-9218-3e91c01df634
664e7684-bdbb-4256-a10b-f22a5b33a08d,d2b0bf77-a79f-5026-a892-e0eb2c48c1d1,1,914bed44-19e2-4cb3-87a0-6457464537d8
66bd3add-5b7f-41c8-8fd3-e1f75eb75c45,4e8df017-8885-55ef-8c63-325b9636370a,1,9fbc570a-dc9d-4237-85db-bc70e5761a03
66bd3add-5b7f-41c8-8fd3-e1f75eb75c45,75e7f049-029c-5e6a-9793-aea4ae8237aa,1,0a160a4e-02e5-4a77-bd9a-ae8892bb585e
66bd3add-5b7f-41c8-8fd3-e1f75eb75c45,d2b0bf77-a79f-5026-a892-e0eb2c48c1d1,1,e31ac4f9-7e11-42a4-a105-d245141fd1bb
66d03863-c1ce-48f0-92b6-c43fb7c57a0b,576dadcd-ff7a-5f59-8ef9-20e99fe21d13,1,9c5939dc-6304-40db-b942-84b8667e196f
670e6ab9-98b8-4e25-a9f3-7104e210c132,baf9ca6e-937b-5c6a-9993-724f7a71cf91,1,bdf69ab9-e416-4fdd-afca-d0ad8f02acc9
6818ab99-a29c-4100-9447-abd84ea90753,75e7f049-029c-5e6a-9793-aea4ae8237aa,2,9192e2cd-a96f-423f-8968-07e0041d2260
6818ab99-a29c-4100-9447-abd84ea90753,c044336d-c780-56de-937a-16c5cf0f35e0,1,dfda8242-c0ee-45b7-b56a-8541da970ccb
686acc1d-1c8d-4b64-a172-ea22303fa63e,4e8df017-8885-55ef-8c63-325b9636370a,2,29b0a03b-d767-4f46-8cce-34b90bb7cc42
686acc1d-1c8d-4b64-a172-ea22303fa63e,baf9ca6e-937b-5c6a-9993-724f7a71cf91,1,11dd2628-7321-48aa-891d-dac4309d132c
68a74cb3-7db9-4f29-b575-cc03098deb73,3e0685b9-b759-5740-a3fb-187094b9ac5f,1,acc0492f-2084-49ca-b7ac-1304f14350ac
690caf0c-5804-4ded-80d3-70ca520364bf,4e8df017-8885-55ef-8c63-325b9636370a,1,8c0d219b-4813-4157-b82f-df66e7c99c1d
69f1b7dd-e51d-4850-b963-89ff16099506,75e7f049-029c-5e6a-9793-aea4ae8237aa,1,2e851b7d-922e-41f8-85b0-cbdd31a90e5a
69f1b7dd-e51d-4850-b963-89ff16099506,baf9ca6e-937b-5c6a-9993-724f7a71cf91,1,518c5d4b-e462-4353-a34a-dac11bfa307c
69f1b7dd-e51d-4850-b963-89ff16099506,d2b0bf77-a79f-5026-a892-e0eb2c48c1d1,1,3ae2fff0-fc28-4abe-9379-8bbc16d46d2b
6a6409a4-a5bc-4c05-aae9-9ec2b90e933c,d2b0bf77-a79f-5026-a892-e0eb2c48c1d1,1,a329c1bc-8e86-4ad6-bdb0-657decd839f1
6b6c7b7d-2c58-45ea-add9-c0fa8773e9ea,576dadcd-ff7a-5f59-8ef9-20e99fe21d13,2,ee51df5d-95e4-4dba-8f9d-ff611259fe84
6b6c7b7d-2c58-45ea-add9-c0fa8773e9ea,baf9ca6e-937b-5c6a-9993-724f7a71cf91,1,69514564-5973-45ca-a45d-e750bba00813
6c98beee-991a-4b8f-96d7-12a5138df651,4e8df017-8885-55ef-8c63-325b9636370a,1,3f5b4f7f-0993-4aec-b310-dfdec0b5cd23
6cf3fb89-6cb4-4321-a04e-8acdc64dac42,576dadcd-ff7a-5f59-8ef9-20e99fe21d13,1,c8bd693f-945b-40f0-83b4-b4477fc70a9a
6d237bc6-c9d6-45e2-9e20-456056b2f85a,baf9ca6e-937b-5c6a-9993-724f7a71cf91,1,c178a196-e83f-48e5-8054-a87ff220d6f9
6d237bc6-c9d6-45e2-9e20-456056b2f85a,c044336d-c780-56de-937a-16c5cf0f35e0,1,a3b47c9b-7eac-477b-9002-7a0de65d8882
6dbd1b9e-f3e1-4e4d-aa98-0cf79f9ec9b1,3e0685b9-b759-5740-a3fb-187094b9ac5f,1,1b8f8648-a4c2-4911-95f5-dd39b5f45e73
6dbd1b9e-f3e1-4e4d-aa98-0cf79f9ec9b1,576dadcd-ff7a-5f59-8ef9-20e99fe21d13,1,e165b120-2269-472e-9314-381ccb9015f8
6dbd1b9e-f3e1-4e4d-aa98-0cf79f9ec9b1,d2b0bf77-a79f-5026-a892-e0eb2c48c1d1,1,89020d3e-23e4-48a7-83d3-da7da3053127
6e045969-a9a1-4e6c-85a2-22186c0a8fff,75e7f049-029c-5e6a-9793-aea4ae8237aa,1,ec058372-f01c-419f-9eca-b9b7bcc403ae
6ef9ac3e-d846-452f-8f5d-cecde849bbdb,3e0685b9-b759-5740-a3fb-187094b9ac5f,1,da15ca0a-aa87-4dfe-9780-da631b23c242
6ef9ac3e-d846-452f-8f5d-cecde849bbdb,75e7f049-029c-5e6a-9793-aea4ae8237aa,1,67446177-49a3-4d29-9e73-fd5f8902581e
6f430a5b-de82-4563-b31f-9846e532c3d0,576dadcd-ff7a-5f59-8ef9-20e99fe21d13,1,a1d7d00d-5c5f-49c2-9b4e-8a4f3141c678
6f430a5b-de82-4563-b31f-9846e532c3d0,75e7f049-029c-5e6a-9793-aea4ae8237aa,1,60eee833-43c3-4399-994e-499ea10de733
6f430a5b-de82-4563-b31f-9846e532c3d0,c044336d-c780-56de-937a-16c5cf0f35e0,1,d2371846-a4d6-4060-83b4-bd160b18ecc3
6f705a13-add8-4fba-a754-cc68cd80af61,75e7f049-029c-5e6a-9793-aea4ae8237aa,1,3f0cb0c3-a460-4a23-933e-c6d53c307695
6f705a13-add8-4fba-a754-cc68cd80af61,baf9ca6e-937b-5c6a-9993-724f7a71cf91,1,fc246a81-9060-49b3-a9f7-58885eba597c
6f705a13-add8-4fba-a754-cc68cd80af61,c044336d-c780-56de-937a-16c5cf0f35e0,1,1afd7655-83d8-47d7-85cc-82478bdc76b1
6fdd658f-1b8a-4ff9-b44c-0cef6b1dffa5,75e7f049-029c-5e6a-9793-aea4ae8237aa,1,8b268542-20c3-4326-b151-a9e1e815568c
6fdd658f-1b8a-4ff9-b44c-0cef6b1dffa5,c044336d-c780-56de-937a-16c5cf0f35e0,1,f7d01f8d-ce27-4b20-8c2b-ad02481e308a
71af7dea-d69f-44c8-8e62-71b5acdb03eb,4e8df017-8885-55ef-8c63-325b9636370a,1,c9daf25b-b14a-445a-8971-6d84e408dde1
71af7dea-d69f-44c8-8e62-71b5acdb03eb,baf9ca6e-937b-5c6a-9993-724f7a71cf91,1,1e4a5a59-d68c-421f-87c6-07dcc100ea3e
71af7dea-d69f-44c8-8e62-71b5acdb03eb,d2b0bf77-a79f-5026-a892-e0eb2c48c1d1,1,027b4352-b501-483e-b88e-605b849575d1
72b20487-e040-486a-a011-4494c763be21,3e0685b9-b759-5740-a3fb-187094b9ac5f,1,b7e7f152-05e5-4594-a161-dfd70f6598b1
73ace533-4685-49bd-80a7-77c01df3d307,c044336d-c780-56de-937a-16c5cf0f35e0,1,b1f91547-f9ec-4def-a200-51fe9606dc5a
7414ccb1-096a-4ab8-8d1b-6fa04337fb82,576dadcd-ff7a-5f59-8ef9-20e99fe21d13,1,2b3935a3-2064-467d-b242-9272d3908415
7414ccb1-096a-4ab8-8d1b-6fa04337fb82,75e7f049-029c-5e6a-9793-aea4ae8237aa,1,8ed3c2b4-313d-4b35-8b16-b2a2b5b51425
7484523d-6c02-48c9-9d47-4bcdcedbdd63,3e0685b9-b759-5740-a3fb-187094b9ac5f,1,8d58bce4-8dc3-4a13-b58d-7457a79bfeb7
75310f39-bd84-4ac8-b11c-4d616aa1e8b6,576dadcd-ff7a-5f59-8ef9-20e99fe21d13,1,13da6e55-30ed-4bc4-a883-c8156ccd63c4
75346a47-2cd2-4c0e-873d-345fd9c1c888,d2b0bf77-a79f-5026-a892-e0eb2c48c1d1,2,91e3b081-f6bf-4098-835d-31673c18d2e6
75b682ee-4c7a-4280-a3f6-90728423e6cd,75e7f049-029c-5e6a-9793-aea4ae8237aa,1,cdc47c63-82c8-497b-9e40-3eb7a0a0bdaa
76457782-3ee0-4af7-90fc-fadb6da2009c,3e0685b9-b759-5740-a3fb-187094b9ac5f,1,2e5d9efe-a511-4226-803b-aa074d627f5b
76457782-3ee0-4af7-90fc-fadb6da2009c,576dadcd-ff7a-5f59-8ef9-20e99fe21d13,1,e13b8c9a-339f-4e65-8f30-3d1a0c6f584f
76457782-3ee0-4af7-90fc-fadb6da2009c,c044336d-c780-56de-937a-16c5cf0f35e0,1,d61c332e-7591-4f01-8037-be1a83d9032c
76f8d912-9841-4f32-80c2-2e1beffd6083,baf9ca6e-937b-5c6a-9993-724f7a71cf91,2,ce8ba916-0bc3-4785-9be0-69f42366b050
77426dd4-c0ba-4b01-9885-91e31123e2f4,75e7f049-029c-5e6a-9793-aea4ae8237aa,2,28687ccd-3f6f-482d-ae8c-526150526fe5
77426dd4-c0ba-4b01-9885-91e31123e2f4,d2b0bf77-a79f-5026-a892-e0eb2c48c1d1,1,55bc96c2-a661-47f9-87de-c15aedba65e5
78112a4a-a5ba-4d88-874c-3dfe442abf7f,c044336d-c780-56de-937a-16c5cf0f35e0,1,7cd0e141-b5a2-4f40-a1c8-6d6006e4b79d
78566ada-d21e-45dd-b89a-0dd5c5792b91,75e7f049-029c-5e6a-9793-aea4ae8237aa,1,5b11cd23-d5ba-4a9f-b852-bbb5c8b3393e
78566ada-d21e-45dd-b89a-0dd5c5792b91,d2b0bf77-a79f-5026-a892-e0eb2c48c1d1,2,21a410c1-3022-425c-af60-7eed5e39d192
7857bef7-4da4-48e2-b75d-f334704ed5e6,4e8df017-8885-55ef-8c63-325b9636370a,1,aa089d1a-7931-4522-929f-f9686d91dd72
7857bef7-4da4-48e2-b75d-f334704ed5e6,576dadcd-ff7a-5f59-8ef9-20e99fe21d13,1,cd86ea32-8128-4663-8461-4044ef16112a
7857bef7-4da4-48e2-b75d-f334704ed5e6,c044336d-c780-56de-937a-16c5cf0f35e0,1,5327582a-2623-4165-9fb1-059fa9f79dae
790ed16b-1a42-4788-b392-9282e5a1d749,3e0685b9-b759-5740-a3fb-187094b9ac5f,1,4367bb65-7e77-4115-9cb7-12c264a0630c
790ed16b-1a42-4788-b392-9282e5a1d749,4e8df017-8885-55ef-8c63-325b9636370a,1,9e8a3cf3-8a98-40f4-b9e5-5de79fb965f9
7959708e-7b56-4a46-871b-a8c38376435e,75e7f049-029c-5e6a-9793-aea4ae8237aa,1,a89694c3-3b5f-4876-9290-52107acb1c4f
7959708e-7b56-4a46-871b-a8c38376435e,baf9ca6e-937b-5c6a-9993-724f7a71cf91,2,2d006f21-3e00-495e-a219-87a3bbff3c5f
79acb393-87a1-49c9-9f90-d3d3bfb0595d,d2b0bf77-a79f-5026-a892-e0eb2c48c1d1,1,236fb32a-e5e3-480c-9cce-0569fb966dc6
79d63444-d37a-44fe-a666-2b9018def9ff,75e7f049-029c-5e6a-9793-aea4ae8237aa,1,d194950d-c5fe-402b-aae3-051a31caeb8a
79d63444-d37a-44fe-a666-2b9018def9ff,c044336d-c780-56de-937a-16c5cf0f35e0,1,45514898-55c9-4f45-874b-69385d107afd
7acb57aa-4cb7-4a89-adf3-713ca4048bbb,3e0685b9-b759-5740-a3fb-187094b9ac5f,1,cb6c515d-439a-4740-8eb9-b76726ee1758
7acb57aa-4cb7-4a89-adf3-713ca4048bbb,75e7f049-029c-5e6a-9793-aea4ae8237aa,1,9a78acac-6221-4a81-bcfd-c552c50bd445
7b70aeb4-d370-436b-8a0d-962cec191e07,4e8df017-8885-55ef-8c63-325b9636370a,1,ea18eb10-85a8-44f8-9819-989f33a7aad4
7b70aeb4-d370-436b-8a0d-962cec191e07,d2b0bf77-a79f-5026-a892-e0eb2c48c1d1,1,20e452dc-4271-4910-966e-557cc9475237
7c1830da-ae1b-47e3-83be-0d28674af14d,d2b0bf77-a79f-5026-a892-e0eb2c48c1d1,1,97094212-0ee7-4f20-8af4-83c916923e91
7cd5c6d8-3ee5-4848-bb10-38af373b01ad,4e8df017-8885-55ef-8c63-325b9636370a,1,20ad173b-bd7f-44fc-ab9f-352c7355fed6
7cd5c6d8-3ee5-4848-bb10-38af373b01ad,576dadcd-ff7a-5f59-8ef9-20e99fe21d13,1,b295cc8f-efd2-4b8e-8e7e-b26e68f29c56
7cd5c6d8-3ee5-4848-bb10-38af373b01ad,d2b0bf77-a79f-5026-a892-e0eb2c48c1d1,1,67328678-7d37-43cd-baea-6290d1e12b97
7db4a349-f1f5-4c17-9e5c-6ca47618f9f6,75e7f049-029c-5e6a-9793-aea4ae8237aa,1,eb9ff837-5dc9-426c-ae8f-8ca529136370
7e28bf96-ac3c-4538-b24b-0085d9cdca2a,576dadcd-ff7a-5f59-8ef9-20e99fe21d13,2,00c0b534-b6b9-4dca-851c-b72221159d1f
7e28bf96-ac3c-4538-b24b-0085d9cdca2a,baf9ca6e-937b-5c6a-9993-724f7a71cf91,1,0fc8df75-5147-474e-825e-c5d23899cf8f
7ec3f47c-b3d9-4838-ac44-42cb3eb48f7a,c044336d-c780-56de-937a-16c5cf0f35e0,1,f107402a-7692-4332-8bdc-68f9e89d8f5d
7ef25e51-020a-4757-90ad-4cb0d297008d,4e8df017-8885-55ef-8c63-325b9636370a,1,c30741be-3abc-4189-95e6-fcb2d20a580b
7ef25e51-020a-4757-90ad-4cb0d297008d,c044336d-c780-56de-937a-16c5cf0f35e0,1,8c8036c8-a629-43b9-a3a3-216f329ac703
7fd61eae-ebe4-44fc-ae19-4d7bd2d40b78,3e0685b9-b759-5740-a3fb-187094b9ac5f,1,4c6a0103-d5ad-40f9-a3ef-49fea408addb
7fd61eae-ebe4-44fc-ae19-4d7bd2d40b78,4e8df017-8885-55ef-8c63-325b9636370a,1,16ba46e9-9ff2-4f44-8802-4be4c4b33345
7fd61eae-ebe4-44fc-ae19-4d7bd2d40b78,75e7f049-029c-5e6a-9793-aea4ae8237aa,1,dc25d07e-423a-4768-bb0c-4805a5296140
812c2425-f0d7-4d0b-b29f-649990efa331,3e0685b9-b759-5740-a3fb-187094b9ac5f,1,8b8008f6-1fc1-45c7-a478-1d23672e0c24
812c2425-f0d7-4d0b-b29f-649990efa331,c044336d-c780-56de-937a-16c5cf0f35e0,1,88cad81d-2d51-4973-9397-3892cd59102e
812c2425-f0d7-4d0b-b29f-649990efa331,d2b0bf77-a79f-5026-a892-e0eb2c48c1d1,1,2487281d-5de8-4bd9-b5bc-578ab20ea963
81cc2d3b-ff03-476f-b7ed-91b7aa759653,3e0685b9-b759-5740-a3fb-187094b9ac5f,2,afbf990e-657b-4d79-b0da-5eb12023c344
81cc2d3b-ff03-476f-b7ed-91b7aa759653,baf9ca6e-937b-5c6a-9993-724f7a71cf91,1,c9efd681-7dfa-4938-9899-932b078fe6da
821cb492-65fa-4f40-876f-b0151f01f55e,4e8df017-8885-55ef-8c63-325b9636370a,2,b54dac0f-1cdd-4956-8533-4e13037b5384
8225bae0-fe75-4199-91e7-afed47334513,4e8df017-8885-55ef-8c63-325b9636370a,1,6b2ecadb-1334-4561-9b30-80639b2dc444
8225bae0-fe75-4199-91e7-afed47334513,576dadcd-ff7a-5f59-8ef9-20e99fe21d13,1,a0dc3e07-4bdb-4a21-98f1-f43e28cbf487
8225bae0-fe75-4199-91e7-afed47334513,d2b0bf77-a79f-5026-a892-e0eb2c48c1d1,1,3bb79341-af0d-4c6f-b872-2d163096591b
829270ed-b73a-4703-a836-14d3e1eff82e,d2b0bf77-a79f-5026-a892-e0eb2c48c1d1,1,3fa4f86f-0cf6-46e0-a440-b567afdfacf6
82bf1bf4-df41-4c27-b663-5c55c0a7d8bd,75e7f049-029c-5e6a-9793-aea4ae8237aa,1,9b5c1588-1d9e-4590-aabd-972b4089df42
82bf1bf4-df41-4c27-b663-5c55c0a7d8bd,baf9ca6e-937b-5c6a-9993-724f7a71cf91,1,1338a316-8867-45b8-9542-c14585458023
83d451b5-4da2-4389-8b56-741128dc3696,75e7f049-029c-5e6a-9793-aea4ae8237aa,2,30172f3a-6aac-4621-ac32-874cc3b72d7e
83d451b5-4da2-4389-8b56-741128dc3696,c044336d-c780-56de-937a-16c5cf0f35e0,1,d0a4943a-b4fd-4d11-8ae8-c62017bf11ec
85532676-9350-4232-a75e-6c9821aaf9e2,576dadcd-ff7a-5f59-8ef9-20e99fe21d13,1,c1d8ef60-caca-4e13-8155-ecd5ec6d3b6d
86006e43-d51d-45ee-8e61-bc3f3ad83957,4e8df017-8885-55ef-8c63-325b9636370a,1,61cdbb53-ff6f-4c30-b42a-8eb352abed31
86006e43-d51d-45ee-8e61-bc3f3ad83957,baf9ca6e-937b-5c6a-9993-724f7a71cf91,1,35bb7da1-a845-44b3-a353-6972a75c6923
86006e43-d51d-45ee-8e61-bc3f3ad83957,d2b0bf77-a79f-5026-a892-e0eb2c48c1d1,1,ee4ab323-8c88-4434-8ed5-37112366cb42
8609a6db-f2bc-4053-a1f8-fb46ff948e38,3e0685b9-b759-5740-a3fb-187094b9ac5f,1,44d3cbc3-a93d-42fe-b109-c9f492f349e4
8609a6db-f2bc-4053-a1f8-fb46ff948e38,4e8df017-8885-55ef-8c63-325b9636370a,1,9f76e58d-616a-4063-857d-c0c3d7488fba
8609a6db-f2bc-4053-a1f8-fb46ff948e38,d2b0bf77-a79f-5026-a892-e0eb2c48c1d1,1,7b13edb4-b598-4913-97d2-57720550c7ae
880712a3-1fa1-4093-9b48-662e9132c8c3,75e7f049-029c-5e6a-9793-aea4ae8237aa,1,3f845e5a-c990-48a2-b734-de5cc63a9c0f
898c222a-2504-488f-b707-7a8e2bb9a33f,75e7f049-029c-5e6a-9793-aea4ae8237aa,2,98cb79b0-b67c-47af-a4ff-c4abe99a45e8
8a14a5ea-ed4f-4bb4-a43d-989514970da3,4e8df017-8885-55ef-8c63-325b9636370a,1,f37c71dc-496a-40d6-88d9-2028ed0359d1
8a169ca7-d2f6-4ab5-8f19-08f1964b72af,4e8df017-8885-55ef-8c63-325b9636370a,1,cb45fb81-b659-40c3-a4ed-50b618df3ca8
8a169ca7-d2f6-4ab5-8f19-08f1964b72af,baf9ca6e-937b-5c6a-9993-724f7a71cf91,1,ea85ce54-6cb3-472a-9501-a4cd37e6608f
8a2f4b25-4648-4d6b-8f98-405b4f1b73d2,4e8df017-8885-55ef-8c63-325b9636370a,1,019ff41c-3d70-4992-98eb-a0c2cc1100c3
8a2f4b25-4648-4d6b-8f98-405b4f1b73d2,baf9ca6e-937b-5c6a-9993-724f7a71cf91,1,103a005b-a0b9-4f8f-bd34-d93a7935d0f9
8a2f4b25-4648-4d6b-8f98-405b4f1b73d2,d2b0bf77-a79f-5026-a892-e0eb2c48c1d1,1,4feaae24-b25e-4a8b-ab2b-5022139ac060
8a4046fd-afe4-4ec5-bc5f-d7134a82a8b1,75e7f049-029c-5e6a-9793-aea4ae8237aa,1,be0d741e-1d8e-448c-b005-0cda95c6446d
8a4046fd-afe4-4ec5-bc5f-d7134a82a8b1,baf9ca6e-937b-5c6a-9993-724f7a71cf91,1,0f1e8e32-1f96-4e2a-a5c0-1973bfb73a14
8a5e87ab-b104-4cb8-9fe6-c5c8432be13d,3e0685b9-b759-5740-a3fb-187094b9ac5f,1,c3fcb81e-156c-43ad-9b7f-b990b71ef978
8a5e87ab-b104-4cb8-9fe6-c5c8432be13d,c044336d-c780-56de-937a-16c5cf0f35e0,1,5b6b97e8-62c6-4b31-9dd1-7faac2aaf689
8b3e783d-820d-4f55-b5dd-e40db5738377,3e0685b9-b759-5740-a3fb-187094b9ac5f,1,39f06c0e-3a65-4b2b-8ec9-754707ee4a1b
8b3e783d-820d-4f55-b5dd-e40db5738377,d2b0bf77-a79f-5026-a892-e0eb2c48c1d1,1,75f1dd0c-9796-4027-9bfe-ad96ce4cce2a
8b9ca442-aacd-4416-ab6f-cd3aaee97388,c044336d-c780-56de-937a-16c5cf0f35e0,1,fce2a61b-ae67-4eb0-ba3e-8296b9cc6e27
8bcbdd8f-be09-4c8b-bfb7-711566975865,3e0685b9-b759-5740-a3fb-187094b9ac5f,1,ccb35983-4283-4547-921b-da3d21a561d1
8bcbdd8f-be09-4c8b-bfb7-711566975865,576dadcd-ff7a-5f59-8ef9-20e99fe21d13,1,3ae4579d-f3f1-49a7-9f5c-0650568fae82
8bcbdd8f-be09-4c8b-bfb7-711566975865,75e7f049-029c-5e6a-9793-aea4ae8237aa,1,ad8059eb-5808-46f5-bd96-dbf520fd9e4f
8c98df37-0c2b-4668-b7cc-de8f64a6eb4b,d2b0bf77-a79f-5026-a892-e0eb2c48c1d1,1,4c38e044-fb7a-4f3c-ae33-6c5cac9a735c
8cc954be-deab-40f7-b127-d9954c048bdc,3e0685b9-b759-5740-a3fb-187094b9ac5f,2,33092b97-b3e3-458f-b3ed-86162b15d6e4
8cc954be-deab-40f7-b127-d9954c048bdc,baf9ca6e-937b-5c6a-9993-724f7a71cf91,1,c78cc5a4-1c16-4bf8-ba4f-f9f96d7dd38e
8cee9c49-80e9-4655-91d6-4706408b192f,4e8df017-8885-55ef-8c63-325b9636370a,1,4a61b1c6-a9c8-44db-8a9c-9290d4bf19ea
8cee9c49-80e9-4655-91d6-4706408b192f,baf9ca6e-937b-5c6a-9993-724f7a71cf91,1,4b6fc2b9-b429-46b9-bf3e-4a304548619e
8dc618eb-ea10-4b76-aa5f-2a987d4ab50b,4e8df017-8885-55ef-8c63-325b9636370a,1,cf5fa056-735b-4135-9ea4-232f7836a53a
8dc618eb-ea10-4b76-aa5f-2a987d4ab50b,c044336d-c780-56de-937a-16c5cf0f35e0,1,bf0ed600-4459-44c8-a29f-189a1281dd76
8dc618eb-ea10-4b76-aa5f-2a987d4ab50b,d2b0bf77-a79f-5026-a892-e0eb2c48c1d1,1,fd664d9c-9cc2-4169-8b95-b1f13b57cf6e
906194d0-c171-41ea-9b21-c15c404dcd71,d2b0bf77-a79f-5026-a892-e0eb2c48c1d1,1,ba4c12b8-e433-4f48-998a-9d8bd70734a3
90d27f2b-77cb-406d-8774-624af64f3520,3e0685b9-b759-5740-a3fb-187094b9ac5f,1,adc484c7-dd3f-4322-b7e3-4883ba0ff88d
90d27f2b-77cb-406d-8774-624af64f3520,75e7f049-029c-5e6a-9793-aea4ae8237aa,1,edf80f07-74a3-4d3a-8fcd-6ace782fd807
911b0bcc-9045-43b9-8f09-99a41c8ddf2d,4e8df017-8885-55ef-8c63-325b9636370a,2,fc149f1d-ad6b-4f39-a77f-4ea29fe8b7e7
911b0bcc-9045-43b9-8f09-99a41c8ddf2d,d2b0bf77-a79f-5026-a892-e0eb2c48c1d1,1,3b3bae67-3992-453f-ab1b-5c9cbed1bc08
930206cb-454d-4cdb-ae58-2f3decac7911,c044336d-c780-56de-937a-16c5cf0f35e0,1,4c0f546f-9159-42fc-93a1-beda69cc84d8
941a8d9d-bc5c-4d7a-a49c-9fdf3d5550e9,baf9ca6e-937b-5c6a-9993-724f7a71cf91,2,adc44038-f9a5-4bd3-9afe-73ab2321c82c
94c45dd6-68e0-4204-a472-c7f2e62ba5bd,c044336d-c780-56de-937a-16c5cf0f35e0,1,e523480b-8863-4f17-b1c8-648cbea1c5f4
9656c61b-e436-42ec-abf4-72a9478e182a,3e0685b9-b759-5740-a3fb-187094b9ac5f,1,20059dc7-2528-45c5-9d4c-cc55c6235c34
9656c61b-e436-42ec-abf4-72a9478e182a,576dadcd-ff7a-5f59-8ef9-20e99fe21d13,1,5c144ebc-cc39-47b1-b40d-109cc48f2fbc
96c57399-8212-45e4-9967-7a12b6461e4c,4e8df017-8885-55ef-8c63-325b9636370a,1,164c85dc-e89e-4323-88f1-872c147883f6
96c57399-8212-45e4-9967-7a12b6461e4c,576dadcd-ff7a-5f59-8ef9-20e99fe21d13,1,45ba00d0-2485-4bfd-a113-0cb5315b1658
96c57399-8212-45e4-9967-7a12b6461e4c,d2b0bf77-a79f-5026-a892-e0eb2c48c1d1,1,86937b67-df2e-4a12-9fff-df7d3903d66b
97c35369-75b0-4e3b-bb88-83101ee92729,4e8df017-8885-55ef-8c63-325b9636370a,1,d43d2540-c89f-488f-bf20-d9e40ccd30a0
97c35369-75b0-4e3b-bb88-83101ee92729,baf9ca6e-937b-5c6a-9993-724f7a71cf91,2,557ae4d7-9c6a-4731-9d78-10e1c144b979
98458f7a-b586-4faa-91c2-8bc9d64c1ac4,3e0685b9-b759-5740-a3fb-187094b9ac5f,1,a6821ec4-d253-4cbc-93f3-c8bae0d57ac1
98458f7a-b586-4faa-91c2-8bc9d64c1ac4,4e8df017-8885-55ef-8c63-325b9636370a,1,58539bd1-6956-4e86-b4f6-9556924c708a
98a353e7-516b-4b12-a0e0-5f3b2fcfbbbc,3e0685b9-b759-5740-a3fb-187094b9ac5f,1,4a6630b9-c6fa-4343-b744-39a06253f82a
98a353e7-516b-4b12-a0e0-5f3b2fcfbbbc,baf9ca6e-937b-5c6a-9993-724f7a71cf91,1,db6d82c9-24ff-4517-b479-b1b7bf397ff9
98a353e7-516b-4b12-a0e0-5f3b2fcfbbbc,c044336d-c780-56de-937a-16c5cf0f35e0,1,925fd047-5e7c-411e-a24f-f3ae34298932
9a062c99-fe28-43fe-ae5e-808ac4a0d585,4e8df017-8885-55ef-8c63-325b9636370a,2,d5506fd9-38d3-4380-8272-47a428a8f1e1
9a062c99-fe28-43fe-ae5e-808ac4a0d585,c044336d-c780-56de-937a-16c5cf0f35e0,1,dbd1b5c8-20c6-4061-87bb-3a0f28284a6f
9af081a2-d0e2-4053-b81e-52e393253c42,3e0685b9-b759-5740-a3fb-187094b9ac5f,2,62dda71e-ed83-4699-8a98-6dcf2ad227e6
9b6a0fa9-ebfe-4765-a1b6-d3fd90defe26,576dadcd-ff7a-5f59-8ef9-20e99fe21d13,1,3a4de131-730e-447d-a532-fe93edc5715d
9c2e2b0f-8e9c-478e-8a2f-59ba8ac4490c,c044336d-c780-56de-937a-16c5cf0f35e0,1,06fde4c2-e2ee-4ab5-b8e5-42219da15b78
9c2e2b0f-8e9c-478e-8a2f-59ba8ac4490c,d2b0bf77-a79f-5026-a892-e0eb2c48c1d1,1,eb634c9d-4360-4191-9158-0b0cc8e2b406
9c8187e0-979f-44a3-bb57-24f8f9fb4159,3e0685b9-b759-5740-a3fb-187094b9ac5f,1,37f881ab-f03e-48be-8ae5-98e6eecb033b
9c8527a1-6a5e-482f-b856-e983af0cfd68,576dadcd-ff7a-5f59-8ef9-20e99fe21d13,1,42806472-7cb1-4d00-9f08-49d619287142
9c8527a1-6a5e-482f-b856-e983af0cfd68,75e7f049-029c-5e6a-9793-aea4ae8237aa,1,39298f32-5e91-4a7c-939d-5637a5aa9169
9c8527a1-6a5e-482f-b856-e983af0cfd68,baf9ca6e-937b-5c6a-9993-724f7a71cf91,1,354fcece-9a61-41a4-88e2-f19b335322c4
9d2ae120-899f-4ffa-b0bf-eefd3dd00bad,3e0685b9-b759-5740-a3fb-187094b9ac5f,1,ae68cadf-d1b9-4f67-8f33-c862677d2a0f
9d2ae120-899f-4ffa-b0bf-eefd3dd00bad,c044336d-c780-56de-937a-16c5cf0f35e0,1,5c522ddc-042c-4df8-9477-9b346c7dc485
9e01bbf8-6950-4462-96ad-9aa22e079690,4e8df017-8885-55ef-8c63-325b9636370a,1,0eb9bedd-21d1-45e8-af0c-61157d6c663e
9e01bbf8-6950-4462-96ad-9aa22e079690,d2b0bf77-a79f-5026-a892-e0eb2c48c1d1,2,0dac3d72-96ab-4128-a392-95929ea53c47
9e9364cc-ed64-4a03-a827-affa43b67976,3e0685b9-b759-5740-a3fb-187094b9ac5f,1,cb5ae79f-8815-4511-8cb0-f0f3f8ef4404
9e9364cc-ed64-4a03-a827-affa43b67976,576dadcd-ff7a-5f59-8ef9-20e99fe21d13,1,606b764c-1199-4d45-84e9-d31cfb36d5de
9e9364cc-ed64-4a03-a827-affa43b67976,baf9ca6e-937b-5c6a-9993-724f7a71cf91,1,5c2c2c6f-7993-4d59-95ef-1f934f6705fe
a01bcf8f-0eeb-48d2-8b8a-d8c488eebda8,75e7f049-029c-5e6a-9793-aea4ae8237aa,1,4ed75c6c-46b5-41fb-915b-e2823929a891
a01bcf8f-0eeb-48d2-8b8a-d8c488eebda8,baf9ca6e-937b-5c6a-9993-724f7a71cf91,1,7daf313b-6fde-4a76-900b-944650eaa670
a072e49f-701f-4454-b4a2-882ca56c001c,576dadcd-ff7a-5f59-8ef9-20e99fe21d13,1,d8304f2f-fdb5-4e37-811f-e6b000e46d52
a072e49f-701f-4454-b4a2-882ca56c001c,c044336d-c780-56de-937a-16c5cf0f35e0,1,4feee3f4-0150-4a18-9c69-4c687e804cfe
a09b9466-e97c-45f1-bace-ca580cea722b,576dadcd-ff7a-5f59-8ef9-20e99fe21d13,1,fbd3f6ef-ce89-4a27-abfe-8f357a7d50cb
a09b9466-e97c-45f1-bace-ca580cea722b,75e7f049-029c-5e6a-9793-aea4ae8237aa,1,ee4e38b4-36b6-429d-beba-3c4a5c971207
a09b9466-e97c-45f1-bace-ca580cea722b,c044336d-c780-56de-937a-16c5cf0f35e0,1,d3ebddf7-c48e-4fed-95b9-94b1a65f8151
a0d98a05-be6b-49d7-97aa-97a7b4624662,3e0685b9-b759-5740-a3fb-187094b9ac5f,1,a30d7c97-c7e7-4e0d-8124-2e1c9f647c24
a0d98a05-be6b-49d7-97aa-97a7b4624662,576dadcd-ff7a-5f59-8ef9-20e99fe21d13,1,98268a65-4983-406f-baca-a89ff0a5fdb6
a0d98a05-be6b-49d7-97aa-97a7b4624662,c044336d-c780-56de-937a-16c5cf0f35e0,1,dfd15445-eb00-49a8-86a5-8cca176e9e79
a0f2e642-85b1-4ee2-aeb3-ef27a74525e1,4e8df017-8885-55ef-8c63-325b9636370a,1,db282679-8126-4699-98a8-80615d4ee09b
a0f2e642-85b1-4ee2-aeb3-ef27a74525e1,d2b0bf77-a79f-5026-a892-e0eb2c48c1d1,1,1c4f98e3-ac90-4301-9259-47d64a23ff12
a10cb528-03a9-40a3-8dba-b5c234de4d35,4e8df017-8885-55ef-8c63-325b9636370a,1,2c317ce9-7206-4f1e-aeef-83ae6af0def8
a10cb528-03a9-40a3-8dba-b5c234de4d35,c044336d-c780-56de-937a-16c5cf0f35e0,1,aedbe2a8-aa5f-4547-9a8e-c05ecfb75dd4
a1dbd1e3-ea4e-4498-8785-0a0590a72272,d2b0bf77-a79f-5026-a892-e0eb2c48c1d1,1,d48984e0-a69a-4436-a555-c210545a1725
a1efd12b-ea1b-401e-9d51-d75d8dc2c5e6,576dadcd-ff7a-5f59-8ef9-20e99fe21d13,1,d24d1ab4-a66b-4b27-aa4c-abda44573b2f
a3169166-7d48-4a2d-ad54-823cb9a3ea2c,d2b0bf77-a79f-5026-a892-e0eb2c48c1d1,2,9e6f0659-884e-492f-9e17-ffd5e74b883b
a5d53f88-bfc6-4123-bb07-8ef8865fab5f,576dadcd-ff7a-5f59-8ef9-20e99fe21d13,1,5162f639-6fac-4fe6-9ab5-10dc03043d19
a5d53f88-bfc6-4123-bb07-8ef8865fab5f,c044336d-c780-56de-937a-16c5cf0f35e0,1,648a5a91-e3a3-4dc7-811d-50828231c77a
a62283c2-9863-4dd6-a832-a9ca88d1ab59,75e7f049-029c-5e6a-9793-aea4ae8237aa,1,e34b317e-046b-4faf-b96f-e670c814fcb5
a62283c2-9863-4dd6-a832-a9ca88d1ab59,c044336d-c780-56de-937a-16c5cf0f35e0,1,10a7ce85-7865-465f-b82a-ddca9dd58b38
a67150ea-c981-49c5-aaa8-517bf631f172,baf9ca6e-937b-5c6a-9993-724f7a71cf91,1,85ec9c53-8c93-4ca7-8ffe-8965948d7ea2
a67150ea-c981-49c5-aaa8-517bf631f172,d2b0bf77-a79f-5026-a892-e0eb2c48c1d1,1,081b725c-1c82-4285-af1a-834686d64d51
a6870dd1-be09-4b80-8fe6-d4479fd75c10,576dadcd-ff7a-5f59-8ef9-20e99fe21d13,1,11caad37-ed3a-42d6-9c3d-bedbc379e52c
a7895942-4d17-458f-9c01-644153563860,576dadcd-ff7a-5f59-8ef9-20e99fe21d13,1,d36ecee6-d5b1-436f-b8a7-c97aeafab34e
a7895942-4d17-458f-9c01-644153563860,75e7f049-029c-5e6a-9793-aea4ae8237aa,2,0d5328f1-3d76-4fe2-b500-41cbc7df20bf
a8aef42a-378e-4e7a-9e86-323d6eb9db61,3e0685b9-b759-5740-a3fb-187094b9ac5f,1,fa86f1d7-718a-46b0-a95f-c874e6f37924
a8aef42a-378e-4e7a-9e86-323d6eb9db61,c044336d-c780-56de-937a-16c5cf0f35e0,2,7743f1a4-0eb1-4a48-bdad-35f1a4e276c5
a905e065-0507-4634-9baa-1f923fea95f7,576dadcd-ff7a-5f59-8ef9-20e99fe21d13,1,add62515-543f-4854-9a9a-6f0afd7a795b
a905e065-0507-4634-9baa-1f923fea95f7,baf9ca6e-937b-5c6a-9993-724f7a71cf91,1,54d5fd44-8241-4a31-abe1-06bd1d5b97dd
a93ead2b-5f2a-4eb6-8b7f-b2494801df4c,4e8df017-8885-55ef-8c63-325b9636370a,1,960bbef6-20ce-4302-ae71-b44004cd0735
a93ead2b-5f2a-4eb6-8b7f-b2494801df4c,c044336d-c780-56de-937a-16c5cf0f35e0,1,be06ddf2-7655-4f89-ae4c-4ef7aebb2874
a9f154cf-6f94-4d3f-bdbf-e4dae16db332,3e0685b9-b759-5740-a3fb-187094b9ac5f,1,a4eedbeb-cca8-4fc3-86d1-cb7e23e4f0d5
a9f154cf-6f94-4d3f-bdbf-e4dae16db332,576dadcd-ff7a-5f59-8ef9-20e99fe21d13,1,a56356c9-d65f-4422-8f2c-386456fda1a1
a9f5dcde-47ef-4019-bb44-3e19fdf7e364,d2b0bf77-a79f-5026-a892-e0eb2c48c1d1,1,ac618b73-2cb5-4a6d-bb7c-aa56bafb0917
aafc7ef9-1242-4217-a2db-a494a5fc954e,d2b0bf77-a79f-5026-a892-e0eb2c48c1d1,1,a978273e-4b1a-4b25-b7b7-e0af7adfd3e9
ab2118ba-f202-4c03-afaf-8da2aa570750,75e7f049-029c-5e6a-9793-aea4ae8237aa,1,86ff6e0e-2a61-4612-a8dd-ca4f82ec50a7
ab9d3932-40fe-4c90-8744-eb53a4e5fe48,576dadcd-ff7a-5f59-8ef9-20e99fe21d13,1,97c809a3-b6d6-4e1b-b84b-23d08353285f
ab9d3932-40fe-4c90-8744-eb53a4e5fe48,75e7f049-029c-5e6a-9793-aea4ae8237aa,1,6b15307c-3aa0-41a5-8c39-6bd02d9409ce
ab9d3932-40fe-4c90-8744-eb53a4e5fe48,d2b0bf77-a79f-5026-a892-e0eb2c48c1d1,1,a868c21c-c039-4881-97b7-c486997bd61b
ac1d2e52-c312-476b-a75a-e1563950df33,576dadcd-ff7a-5f59-8ef9-20e99fe21d13,1,9f2004ce-fe96-470a-a72f-e8cdabb01c67
ac1d2e52-c312-476b-a75a-e1563950df33,d2b0bf77-a79f-5026-a892-e0eb2c48c1d1,1,caac7250-3bcf-463e-b714-ed824bf9229e
ac84c72e-042c-4ebc-9a95-3f5f4b0134d6,75e7f049-029c-5e6a-9793-aea4ae8237aa,1,232d8c15-6136-4030-8c48-13de34c7641c
acadacf3-c053-4d11-9505-baa0bbddbce4,c044336d-c780-56de-937a-16c5cf0f35e0,1,5824064d-3c31-4dc0-a4b1-c258aaf5bb8e
acadacf3-c053-4d11-9505-baa0bbddbce4,d2b0bf77-a79f-5026-a892-e0eb2c48c1d1,1,a65c830e-99f7-47ac-b068-1c646ca28257
acbfa588-0807-4df6-9c03-3ae63f84c79e,75e7f049-029c-5e6a-9793-aea4ae8237aa,1,199cf038-063b-4f45-9818-d6a8a8d98e6a
acbfa588-0807-4df6-9c03-3ae63f84c79e,baf9ca6e-937b-5c6a-9993-724f7a71cf91,1,448d1a56-31c7-4ad2-82f0-2093597ce1cf
acbfa588-0807-4df6-9c03-3ae63f84c79e,d2b0bf77-a79f-5026-a892-e0eb2c48c1d1,1,b14c19ba-f8fe-45c0-8603-56846fd9173c
ad44c2b2-80b9-4c8b-a943-8ae42eaae2ca,4e8df017-8885-55ef-8c63-325b9636370a,1,3e5856af-c737-4924-af35-25d16caa2f44
ad44c2b2-80b9-4c8b-a943-8ae42eaae2ca,baf9ca6e-937b-5c6a-9993-724f7a71cf91,1,a0f38b63-2051-4439-a1e3-b5873ec39620
ad44c2b2-80b9-4c8b-a943-8ae42eaae2ca,c044336d-c780-56de-937a-16c5cf0f35e0,1,16a0323f-1505-4596-8077-7e7f1234381d
ae1d6880-2cac-457b-861e-0754459be3cc,4e8df017-8885-55ef-8c63-325b9636370a,1,31415439-f80a-4dfc-a666-654895c0b98d
ae1d6880-2cac-457b-861e-0754459be3cc,576dadcd-ff7a-5f59-8ef9-20e99fe21d13,1,ae6f501d-ad74-4d45-a2c8-bdb0998331b4
ae81c2fa-61a1-4494-b257-73c6261dbbb9,576dadcd-ff7a-5f59-8ef9-20e99fe21d13,1,990df622-40b0-4f9e-a0cf-9bed0a794026
af5b997d-791b-4eee-82b4-6356455b7b4a,576dadcd-ff7a-5f59-8ef9-20e99fe21d13,1,5fd7eac4-fe9e-4894-89c5-b31c67e6cfcc
af5b997d-791b-4eee-82b4-6356455b7b4a,baf9ca6e-937b-5c6a-9993-724f7a71cf91,1,737a8dd5-86c1-44dd-8b68-264e3dbed0c9
af5cc69c-c6e5-4a99-8640-8a89662fec1a,3e0685b9-b759-5740-a3fb-187094b9ac5f,1,f0e4c403-cc2e-4a4c-b8c8-27eabe0dd196
af5cc69c-c6e5-4a99-8640-8a89662fec1a,baf9ca6e-937b-5c6a-9993-724f7a71cf91,1,088e1784-1de2-4026-83da-a66982cb695f
b03df988-cae0-4233-9562-dec0715151b9,576dadcd-ff7a-5f59-8ef9-20e99fe21d13,1,50718d8f-ead9-4fde-810c-24fee48f107a
b0b141ce-40c2-41e8-a7c4-d4eaa9d282c4,4e8df017-8885-55ef-8c63-325b9636370a,1,ea2352fe-e301-45cd-8521-da1657921b00
b0b141ce-40c2-41e8-a7c4-d4eaa9d282c4,75e7f049-029c-5e6a-9793-aea4ae8237aa,1,25b28090-8241-4a5a-8d95-7d925a253396
b10514df-9835-466e-85b1-c818a8588fcc,3e0685b9-b759-5740-a3fb-187094b9ac5f,1,ac261a56-026c-4069-90a1-d41e0a0db9bd
b10514df-9835-466e-85b1-c818a8588fcc,c044336d-c780-56de-937a-16c5cf0f35e0,2,a60cee81-d6dc-4f14-ad81-2ac050ce4673
b1431b7a-bbdb-43c9-813d-ea77a9645760,3e0685b9-b759-5740-a3fb-187094b9ac5f,1,88e5e4cb-1468-4f50-bdd6-a86b1235f188
b1431b7a-bbdb-43c9-813d-ea77a9645760,c044336d-c780-56de-937a-16c5cf0f35e0,1,859b862a-d964-447c-92b7-cb6350c2f170
b1431b7a-bbdb-43c9-813d-ea77a9645760,d2b0bf77-a79f-5026-a892-e0eb2c48c1d1,1,82aab5a6-43fb-48c6-b0b0-a2c968b755b5
b212e73b-1189-43ef-8be5-0c18380a3a83,3e0685b9-b759-5740-a3fb-187094b9ac5f,1,796f92ea-b33d-4a76-ab9f-0f4e2cc76931
b287f98c-21a8-4f15-90b2-32c95014eab7,c044336d-c780-56de-937a-16c5cf0f35e0,2,afc0be80-dab9-4f77-9648-0412868195b9
b3101c28-f296-49af-a9a5-1f0f6bfefa0a,c044336d-c780-56de-937a-16c5cf0f35e0,1,d466ea69-a5f5-4ee5-8b5f-b7c95a780a9b
b335f429-d2ec-4820-9c98-6418d6277d4f,3e0685b9-b759-5740-a3fb-187094b9ac5f,2,5196ea83-91c9-4cd9-95e7-889c19655d84
b335f429-d2ec-4820-9c98-6418d6277d4f,c044336d-c780-56de-937a-16c5cf0f35e0,1,0c2ef17e-5935-49e6-be17-efca60217eee
b367b168-7da6-4d59-8315-92b0f8aece55,576dadcd-ff7a-5f59-8ef9-20e99fe21d13,1,b779f475-9ad2-436a-ade2-a406721ae9b4
b3820c23-7857-44ac-9497-37ef348b10f3,c044336d-c780-56de-937a-16c5cf0f35e0,1,191e0393-6b2a-417c-8e84-3c116da47354
b420f4d3-684e-4d04-98b0-fe9d818c5480,576dadcd-ff7a-5f59-8ef9-20e99fe21d13,1,1127ce07-10b2-428c-a6b3-cd912260613c
b420f4d3-684e-4d04-98b0-fe9d818c5480,75e7f049-029c-5e6a-9793-aea4ae8237aa,1,26f371f8-3632-4566-9051-41c60d1f5060
b4580c9f-1325-4a72-88d4-4fb24bf0214c,4e8df017-8885-55ef-8c63-325b9636370a,1,2caeab5e-42ff-4234-bf31-497ec90d293a
b4580c9f-1325-4a72-88d4-4fb24bf0214c,baf9ca6e-937b-5c6a-9993-724f7a71cf91,1,b0eee877-5f86-4af8-baf0-74f1ec0e13ce
b497fc39-d308-4853-9fe1-c56db73f9b72,3e0685b9-b759-5740-a3fb-187094b9ac5f,1,0c5f71c5-9339-42b7-934d-e7a81f32ac1e
b497fc39-d308-4853-9fe1-c56db73f9b72,baf9ca6e-937b-5c6a-9993-724f7a71cf91,1,53d90f05-4baa-46d8-9f12-417137652319
b497fc39-d308-4853-9fe1-c56db73f9b72,d2b0bf77-a79f-5026-a892-e0eb2c48c1d1,1,bd3a401f-6d50-48be-901b-90f902dfaa87
b541fa45-946b-47dd-bec2-9c89e9d7aba7,3e0685b9-b759-5740-a3fb-187094b9ac5f,2,428fc4d8-ee03-4e35-8c60-40f923b8f724
b541fa45-946b-47dd-bec2-9c89e9d7aba7,c044336d-c780-56de-937a-16c5cf0f35e0,1,e953adfb-a095-4575-aba8-3ab03746a946
b550d393-966d-4562-b004-59e93798212b,576dadcd-ff7a-5f59-8ef9-20e99fe21d13,1,1009e287-700a-4acb-bc28-b551744ab61a
b550d393-966d-4562-b004-59e93798212b,75e7f049-029c-5e6a-9793-aea4ae8237aa,1,4fd9a726-3945-41f5-8478-3705f57449b7
b5e89b23-87b6-4a7b-b88f-5958e0b69a18,75e7f049-029c-5e6a-9793-aea4ae8237aa,1,b4ebfb44-1647-4023-af17-06925fe29df4
b7b3f2d4-9863-4d43-946e-9c64469670ec,3e0685b9-b759-5740-a3fb-187094b9ac5f,3,98e99063-2e6f-4ab7-a7b8-50e76d9da413
b80f939f-5eb5-48f7-8a24-adf2a3aad852,4e8df017-8885-55ef-8c63-325b9636370a,2,8bb022e0-4259-4b05-adb5-1a2c3d448e0a
b80f939f-5eb5-48f7-8a24-adf2a3aad852,c044336d-c780-56de-937a-16c5cf0f35e0,1,45de2b1c-40af-4c64-905c-91f5d11d02f0
b85e1818-59bd-4227-8ecb-876c1164c426,576dadcd-ff7a-5f59-8ef9-20e99fe21d13,1,878e8b2a-f583-423f-93f8-87fc07287371
b8a8f8b1-057b-48e8-bad3-7aa72e6a410e,576dadcd-ff7a-5f59-8ef9-20e99fe21d13,1,8c4180b2-1e58-4e5d-b217-1bebc315e247
b8a8f8b1-057b-48e8-bad3-7aa72e6a410e,baf9ca6e-937b-5c6a-9993-724f7a71cf91,1,d9d2add1-d796-41ed-9a77-54a2d03108ba
b8f3eaba-9c6e-40d5-a846-9ab6d2d4685c,3e0685b9-b759-5740-a3fb-187094b9ac5f,1,35fd1961-4d1f-4001-ac96-c45e50274a77
b8f3eaba-9c6e-40d5-a846-9ab6d2d4685c,576dadcd-ff7a-5f59-8ef9-20e99fe21d13,1,6569a00d-d0e3-4306-bba9-db286374f215
ba8b2c78-1d8f-4a97-8d5c-7039664b5219,576dadcd-ff7a-5f59-8ef9-20e99fe21d13,1,4f639623-e40a-48d6-bb52-239fc1409af7
ba8b2c78-1d8f-4a97-8d5c-7039664b5219,baf9ca6e-937b-5c6a-9993-724f7a71cf91,1,ffa6ad3b-2240-460f-b198-4320e1bc3049
ba8b2c78-1d8f-4a97-8d5c-7039664b5219,c044336d-c780-56de-937a-16c5cf0f35e0,1,480235d9-0dce-42c8-a576-9dad07b48dcc
bcbbdb5b-97ae-4f77-8136-77b748bf9b36,3e0685b9-b759-5740-a3fb-187094b9ac5f,1,fdc33e30-6dbb-4d40-96cc-30b939e50d83
bcbbdb5b-97ae-4f77-8136-77b748bf9b36,75e7f049-029c-5e6a-9793-aea4ae8237aa,1,7536ad4e-dbdb-496f-b680-cd2716a18657
bcbbdb5b-97ae-4f77-8136-77b748bf9b36,d2b0bf77-a79f-5026-a892-e0eb2c48c1d1,1,bf1a8c24-2b15-44a1-bf92-122c1d605a72
bd7d6ef6-f17b-4d4b-a6ff-b4d15f6fca0b,576dadcd-ff7a-5f59-8ef9-20e99fe21d13,1,88ed7023-c243-4989-b9cc-2dcd5038d247
bd9a5b87-3a46-4ae1-ab41-77147b0270ec,3e0685b9-b759-5740-a3fb-187094b9ac5f,1,2389d621-ba33-4b76-b735-74e5c5dcdfeb
bd9a5b87-3a46-4ae1-ab41-77147b0270ec,baf9ca6e-937b-5c6a-9993-724f7a71cf91,2,f9b3f02c-bfc0-447a-ab6d-80643d559a67
be70a133-32b8-42dc-a225-9ac42b15f13b,4e8df017-8885-55ef-8c63-325b9636370a,1,450f5e83-0bdd-40f8-8c5f-d0c1d90d2447
be70a133-32b8-42dc-a225-9ac42b15f13b,baf9ca6e-937b-5c6a-9993-724f7a71cf91,1,0aa87a22-1877-45e8-bad3-75be01bc8bee
bebe7528-f584-4921-8d1f-980203473ddb,576dadcd-ff7a-5f59-8ef9-20e99fe21d13,2,63f306b2-dc08-4b22-9156-077299b76c0f
bf150d14-1e7d-4078-94d3-390c5b32263a,3e0685b9-b759-5740-a3fb-187094b9ac5f,1,0fc972f8-47c7-4ddb-9952-ee280869a5db
bf150d14-1e7d-4078-94d3-390c5b32263a,576dadcd-ff7a-5f59-8ef9-20e99fe21d13,1,ac83af20-3cf4-46fa-9eeb-204108ded4c9
bf150d14-1e7d-4078-94d3-390c5b32263a,baf9ca6e-937b-5c6a-9993-724f7a71cf91,1,b56e8521-1291-442d-a167-1344f8c815fb
bfa04e29-1b30-47c7-8d88-34afd5d3b178,576dadcd-ff7a-5f59-8ef9-20e99fe21d13,1,9b2a3745-3f00-4c84-aba2-618c58f2afdf
bfa04e29-1b30-47c7-8d88-34afd5d3b178,d2b0bf77-a79f-5026-a892-e0eb2c48c1d1,1,a5acb87e-8f56-40b3-8906-3b994228dd65
bff9f91d-cab9-48ce-b7a0-2608633320b8,576dadcd-ff7a-5f59-8ef9-20e99fe21d13,1,3e75bdd1-8814-415f-8703-5aa98fd94e31
c198ba3f-bac7-453e-b7ae-1b564c537196,576dadcd-ff7a-5f59-8ef9-20e99fe21d13,2,340adb78-1676-4079-844c-e4911c3a87da
c198ba3f-bac7-453e-b7ae-1b564c537196,d2b0bf77-a79f-5026-a892-e0eb2c48c1d1,1,76e8d546-d8d5-40d5-84cd-6d6c3378af83
c2df01d3-07ac-42a1-8e86-d6a5a8ad7e62,d2b0bf77-a79f-5026-a892-e0eb2c48c1d1,1,84dd281f-39ed-4c64-a30c-04e0d4242484
c2dfb268-9df6-4898-b84b-28a8ca156465,3e0685b9-b759-5740-a3fb-187094b9ac5f,1,ccbe2683-97a0-4e65-8ff8-00ede561c762
c2dfb268-9df6-4898-b84b-28a8ca156465,4e8df017-8885-55ef-8c63-325b9636370a,1,237ed309-2741-4a53-bacd-a311677c6415
c2dfb268-9df6-4898-b84b-28a8ca156465,d2b0bf77-a79f-5026-a892-e0eb2c48c1d1,1,10fd67b8-3f28-41af-9ce1-9840ff802c8b
c2e517d2-4baf-49a1-9068-6a5b4d8c3785,3e0685b9-b759-5740-a3fb-187094b9ac5f,1,db792235-19a8-487a-8387-b82f3f46e0eb
c2e517d2-4baf-49a1-9068-6a5b4d8c3785,baf9ca6e-937b-5c6a-9993-724f7a71cf91,2,0d3486bb-0eaf-4d0c-af69-2b89e59f2f9e
c359278b-4e98-43e9-8989-f0976a81b15f,baf9ca6e-937b-5c6a-9993-724f7a71cf91,1,45471cc6-d4b6-43f2-826d-8ed368b4686c
c44eacb6-70e8-41fa-8af6-15d7072734df,576dadcd-ff7a-5f59-8ef9-20e99fe21d13,1,149af4e5-85ee-4ce5-a874-d1856a01c556
c44eacb6-70e8-41fa-8af6-15d7072734df,75e7f049-029c-5e6a-9793-aea4ae8237aa,1,6461c843-95c4-467f-96c1-5849ee52f542
c44eacb6-70e8-41fa-8af6-15d7072734df,baf9ca6e-937b-5c6a-9993-724f7a71cf91,1,b8ce049c-7350-41e7-b318-3482545fda4c
c4f7c937-54bb-48d4-9669-02950bf71c1f,576dadcd-ff7a-5f59-8ef9-20e99fe21d13,1,782eb716-81d8-4523-92fa-acd7fd976bd2
c4f7c937-54bb-48d4-9669-02950bf71c1f,75e7f049-029c-5e6a-9793-aea4ae8237aa,2,0f08b4b0-891a-4aea-86b8-68bf09e23752
c573e101-e8fb-46cd-bb22-b106d13f850b,75e7f049-029c-5e6a-9793-aea4ae8237aa,1,ad07021c-1993-478d-9df1-c0eaaf44d515
c573e101-e8fb-46cd-bb22-b106d13f850b,c044336d-c780-56de-937a-16c5cf0f35e0,1,de85e667-46a9-4ba6-a29c-b1fb87a44a12
c5754d3c-86cc-4845-9108-0d64de5b3ee1,baf9ca6e-937b-5c6a-9993-724f7a71cf91,1,c24a786c-9782-4063-b8a3-60b4e9adc98e
c583a25a-aef7-4d98-b8ec-74af28d6ec68,4e8df017-8885-55ef-8c63-325b9636370a,1,69abdd74-3922-412e-a5ca-788e63486144
c583a25a-aef7-4d98-b8ec-74af28d6ec68,75e7f049-029c-5e6a-9793-aea4ae8237aa,1,b3b89057-79cf-405f-bf33-58d3d5e04552
c583a25a-aef7-4d98-b8ec-74af28d6ec68,baf9ca6e-937b-5c6a-9993-724f7a71cf91,1,7336c746-2c5f-4496-a3ba-140451d7bd4e
c5c921a7-e4bd-4be7-8ff1-cf7991bbc8c9,4e8df017-8885-55ef-8c63-325b9636370a,1,9cb4dc1a-bb0b-445e-b9a5-c49feb7a16fd
c5c921a7-e4bd-4be7-8ff1-cf7991bbc8c9,75e7f049-029c-5e6a-9793-aea4ae8237aa,2,518fe2f2-245f-4cb0-b352-846decb037a8
c68ccf04-aa8b-4f75-ab7e-dafc3fb69909,3e0685b9-b759-5740-a3fb-187094b9ac5f,1,66c3e9a7-b56a-46c3-acfd-de829dcde656
c68ccf04-aa8b-4f75-ab7e-dafc3fb69909,baf9ca6e-937b-5c6a-9993-724f7a71cf91,1,1b88983b-37f8-42ed-a20a-011bb78aad20
c870d699-5141-4d18-abe2-0711e2d7a349,576dadcd-ff7a-5f59-8ef9-20e99fe21d13,1,ef24c710-2e96-4632-9429-3f3c4f766e25
c870d699-5141-4d18-abe2-0711e2d7a349,baf9ca6e-937b-5c6a-9993-724f7a71cf91,1,76a98a36-fc8d-42ac-801d-7550941543d1
c98add90-474a-4e84-b698-f0f9b0325844,3e0685b9-b759-5740-a3fb-187094b9ac5f,1,9eadf100-098e-4507-85c0-c796bbd382c6
c98add90-474a-4e84-b698-f0f9b0325844,c044336d-c780-56de-937a-16c5cf0f35e0,1,da1fb3fd-6199-4489-b765-ba377f1c641b
c9af1cad-3982-4412-a5c2-b66764b9b353,4e8df017-8885-55ef-8c63-325b9636370a,1,ad8eab1a-350e-4341-bb5d-5c93c626a255
c9ce5079-400c-4f97-9471-6aefdc73d6f5,75e7f049-029c-5e6a-9793-aea4ae8237aa,1,b5770744-af2a-4f9a-9d4f-df58f2acc85b
c9ce5079-400c-4f97-9471-6aefdc73d6f5,d2b0bf77-a79f-5026-a892-e0eb2c48c1d1,1,3912ebc4-737e-44e0-8bfb-d9c9276ac30b
c9fc8526-61cf-4d1c-9433-8b2a6df1c2fe,4e8df017-8885-55ef-8c63-325b9636370a,1,b4504aa6-bee0-4a36-87fc-edbf31c430de
c9fc8526-61cf-4d1c-9433-8b2a6df1c2fe,576dadcd-ff7a-5f59-8ef9-20e99fe21d13,1,8be13b73-f90a-487a-bff5-c5ffe8fd6582
c9fc8526-61cf-4d1c-9433-8b2a6df1c2fe,c044336d-c780-56de-937a-16c5cf0f35e0,1,ec12c971-3c8b-4c74-ae4d-e5e268e3ccad
cad0d068-c1b3-42c7-8d65-c65f1ac98920,576dadcd-ff7a-5f59-8ef9-20e99fe21d13,1,87000587-877a-4360-99d6-e95819160889
cad0d068-c1b3-42c7-8d65-c65f1ac98920,baf9ca6e-937b-5c6a-9993-724f7a71cf91,1,ffd1c616-f999-4b70-aedd-b12901e2cca6
cad0d068-c1b3-42c7-8d65-c65f1ac98920,c044336d-c780-56de-937a-16c5cf0f35e0,1,356cdcbb-491b-447d-a5a7-14e4760e82a1
cb33a400-38f3-4a92-9bea-d15e958b548f,576dadcd-ff7a-5f59-8ef9-20e99fe21d13,1,a8715dd1-a907-4a38-aa21-3b78c78b2921
cb33a400-38f3-4a92-9bea-d15e958b548f,baf9ca6e-937b-5c6a-9993-724f7a71cf91,1,17662fc8-b018-43c7-ab17-657ef0290a24
ccf68876-47c7-4af2-8cb2-4e2a246f5929,576dadcd-ff7a-5f59-8ef9-20e99fe21d13,1,b487c22f-bfe2-46d9-bbc1-e3e8394aa632
ccf68876-47c7-4af2-8cb2-4e2a246f5929,c044336d-c780-56de-937a-16c5cf0f35e0,1,c8c8ea29-f2e1-42b3-bee8-f1abef8c3d21
cd349cfa-76ca-4bea-a1b9-cedf509454db,3e0685b9-b759-5740-a3fb-187094b9ac5f,1,321a44c3-0154-481a-873e-b74ad7d710cb
cd349cfa-76ca-4bea-a1b9-cedf509454db,576dadcd-ff7a-5f59-8ef9-20e99fe21d13,1,cf14c058-9e97-4281-996c-eab472cf1038
cd349cfa-76ca-4bea-a1b9-cedf509454db,baf9ca6e-937b-5c6a-9993-724f7a71cf91,1,6a10d39b-c2f6-449b-b463-9ba9aefb473f
ce43ebd3-cfd6-479c-a5f5-1c5ddfb64a1d,4e8df017-8885-55ef-8c63-325b9636370a,1,dce4292b-af3a-420c-9f12-41d902ed6b22
ce43ebd3-cfd6-479c-a5f5-1c5ddfb64a1d,baf9ca6e-937b-5c6a-9993-724f7a71cf91,1,6cc6468f-4bfc-401f-95b4-5b0d9b31fce6
ce87ec55-0a8d-4874-85b8-107eee1519ba,3e0685b9-b759-5740-a3fb-187094b9ac5f,1,e9b9e148-1c06-4171-a510-c7193354fe1f
ce87ec55-0a8d-4874-85b8-107eee1519ba,75e7f049-029c-5e6a-9793-aea4ae8237aa,1,bac2c770-7987-4733-9b0f-d76de307be33
ce87ec55-0a8d-4874-85b8-107eee1519ba,baf9ca6e-937b-5c6a-9993-724f7a71cf91,1,c9628fe4-3be5-42d7-8ab3-eb7b839777be
cf64fe73-a04f-4b38-b0ea-6ec80b4e869c,576dadcd-ff7a-5f59-8ef9-20e99fe21d13,1,d7f3f3cd-9e17-4004-b866-53b711987d22
d0a3f822-8cca-416f-8aa9-436b4a3f4386,3e0685b9-b759-5740-a3fb-187094b9ac5f,1,7c7467a7-d19c-42f9-95f9-109c285b49b1
d0a3f822-8cca-416f-8aa9-436b4a3f4386,75e7f049-029c-5e6a-9793-aea4ae8237aa,1,fe033b38-4c1c-41bf-80b7-c362bfdd894a
d2bd6640-f54f-48fd-97a3-4a2526ad1361,4e8df017-8885-55ef-8c63-325b9636370a,1,738c19d4-8bd2-44bc-9ba1-bb46b087e53f
d2bd6640-f54f-48fd-97a3-4a2526ad1361,75e7f049-029c-5e6a-9793-aea4ae8237aa,1,a5420ac9-2f5b-48be-8f67-09b65a898268
d337843c-0197-4dd4-a20a-ce36aa3a69b3,75e7f049-029c-5e6a-9793-aea4ae8237aa,2,e15bcf1b-77b7-4814-83c1-438b23c9b9f5
d366138a-502a-4c55-8b8b-bc14710ad341,576dadcd-ff7a-5f59-8ef9-20e99fe21d13,1,b9208d7c-9dbe-4274-8eb8-7f97c6c59493
d38203e1-8aba-4632-bdcf-d200c34fc342,4e8df017-8885-55ef-8c63-325b9636370a,1,61f30e93-f429-4380-8847-160bd006774b
d4f85c3d-5054-46e3-a003-3b8e7f088bbb,c044336d-c780-56de-937a-16c5cf0f35e0,1,ad9c2099-bea7-4dab-afb9-4189a082da93
d570098c-b7df-4ab3-a144-5f378327c2ba,576dadcd-ff7a-5f59-8ef9-20e99fe21d13,1,88b09de6-f61d-41a6-a22b-8cb522ec8beb
d570098c-b7df-4ab3-a144-5f378327c2ba,75e7f049-029c-5e6a-9793-aea4ae8237aa,1,17e34cb6-2d2e-40d4-806f-09d323ccbaa0
d570098c-b7df-4ab3-a144-5f378327c2ba,baf9ca6e-937b-5c6a-9993-724f7a71cf91,1,88305fd6-5232-45c7-b7a3-05959694c236
d5d55673-1530-4f9d-b7a3-35e209933f4c,4e8df017-8885-55ef-8c63-325b9636370a,1,4ec6e0aa-5d1a-494a-8073-37d7b7928da5
d5d55673-1530-4f9d-b7a3-35e209933f4c,75e7f049-029c-5e6a-9793-aea4ae8237aa,1,78125435-88c8-4f20-879a-f322fcfa481e
d6755ec8-5ed4-42d1-81da-07c1d74b1d12,75e7f049-029c-5e6a-9793-aea4ae8237aa,1,950ba75b-5cdd-4984-971f-00ed5d180161
d6755ec8-5ed4-42d1-81da-07c1d74b1d12,d2b0bf77-a79f-5026-a892-e0eb2c48c1d1,1,ccd59567-4ca8-4263-879d-b9a3cb5d8b24
d6c2108d-1d77-49b9-89e6-16796497fac4,4e8df017-8885-55ef-8c63-325b9636370a,1,9f6e4b03-ccb6-4836-93b9-e8f443a5f97e
d6c2108d-1d77-49b9-89e6-16796497fac4,75e7f049-029c-5e6a-9793-aea4ae8237aa,1,57b19469-63b6-469c-9c9e-4776d7a95015
d6c2108d-1d77-49b9-89e6-16796497fac4,baf9ca6e-937b-5c6a-9993-724f7a71cf91,1,4616ce8e-2566-4411-85b7-1acf0ec5a424
d738d48a-d19b-4ece-a620-ab19b9d1c05c,576dadcd-ff7a-5f59-8ef9-20e99fe21d13,1,e622c244-79e4-4533-95bb-2c19debe5d46
d738d48a-d19b-4ece-a620-ab19b9d1c05c,baf9ca6e-937b-5c6a-9993-724f7a71cf91,1,55c2bc7f-ad04-42b4-81db-f1111d78bdd7
d738d48a-d19b-4ece-a620-ab19b9d1c05c,c044336d-c780-56de-937a-16c5cf0f35e0,1,03618ddc-2fe0-4672-a931-c0edebdd63ef
d7874ba6-1144-4120-afff-872078219030,3e0685b9-b759-5740-a3fb-187094b9ac5f,1,b0d5cc63-d2ba-4794-8507-f1f5c1966087
d7874ba6-1144-4120-afff-872078219030,4e8df017-8885-55ef-8c63-325b9636370a,2,c6f742e9-5670-4889-bb4b-dfeed59fb60b
d7b93dea-60b1-4a76-a53f-cb45907d6f09,4e8df017-8885-55ef-8c63-325b9636370a,1,8e6ad843-bce8-435b-8a05-b1738ce4a3c4
d7b93dea-60b1-4a76-a53f-cb45907d6f09,c044336d-c780-56de-937a-16c5cf0f35e0,1,33101078-b4b3-4cd7-ad2a-6c414fdbaa8f
d7b93dea-60b1-4a76-a53f-cb45907d6f09,d2b0bf77-a79f-5026-a892-e0eb2c48c1d1,1,76c036de-354d-47c0-b898-37fb5fd418dc
d83d1430-a394-42d4-9a96-f0f3459d35de,75e7f049-029c-5e6a-9793-aea4ae8237aa,1,42db02a0-3fd4-47e0-abe8-56ea51fe3c76
d83d1430-a394-42d4-9a96-f0f3459d35de,c044336d-c780-56de-937a-16c5cf0f35e0,1,ad11b98c-c0a4-4fca-a51f-ed288e9724cb
d8789060-f927-4c6e-942e-3e6c83ffcaaa,4e8df017-8885-55ef-8c63-325b9636370a,1,224849dc-6266-4a4c-8ac8-118cf36f852e
d8789060-f927-4c6e-942e-3e6c83ffcaaa,baf9ca6e-937b-5c6a-9993-724f7a71cf91,1,67cb948d-bcee-49c5-8f19-70c60df70135
d9a2b787-5514-40dc-8720-127e9f9100af,3e0685b9-b759-5740-a3fb-187094b9ac5f,1,1ca1c805-74aa-4799-8674-94cda70fc7d5
d9a2b787-5514-40dc-8720-127e9f9100af,4e8df017-8885-55ef-8c63-325b9636370a,1,bdc5e647-d07c-4fdf-b00d-f7fc87b994e1
d9a2b787-5514-40dc-8720-127e9f9100af,c044336d-c780-56de-937a-16c5cf0f35e0,1,c0c6d803-25c7-47cd-8d58-d145f61b2d71
da6ef2e9-435c-4e92-83be-fca211b941f7,75e7f049-029c-5e6a-9793-aea4ae8237aa,2,6a7b96d4-9c44-4fe7-8302-c4be8ef11a6b
da6ef2e9-435c-4e92-83be-fca211b941f7,baf9ca6e-937b-5c6a-9993-724f7a71cf91,1,75113bd1-b877-4f8d-a0f8-cb40a62c9cff
db45a130-afd6-46d1-b67f-f3b98918c794,576dadcd-ff7a-5f59-8ef9-20e99fe21d13,1,67b10d53-274e-4606-9276-bd82feb282a1
db907aa2-c525-4a2c-9726-6b6335e25254,75e7f049-029c-5e6a-9793-aea4ae8237aa,1,b0ab4cd2-6960-4b99-802e-15e930651924
db907aa2-c525-4a2c-9726-6b6335e25254,c044336d-c780-56de-937a-16c5cf0f35e0,1,4506353e-eb85-4488-b884-5f9413eb45bd
dc03cc56-791a-4dea-bc8c-6618c5e94b6e,3e0685b9-b759-5740-a3fb-187094b9ac5f,1,65c449c4-85d3-43a2-aef3-0e4bad4ac340
dc03cc56-791a-4dea-bc8c-6618c5e94b6e,4e8df017-8885-55ef-8c63-325b9636370a,1,c67eb962-3556-4c73-9eb3-b7aedcfac0b3
dc2a57b6-9dcf-4114-9068-918799927b97,75e7f049-029c-5e6a-9793-aea4ae8237aa,1,198fadac-cf6f-4a58-91ab-56ce6c02717d
dc2a57b6-9dcf-4114-9068-918799927b97,baf9ca6e-937b-5c6a-9993-724f7a71cf91,1,a00363e6-ebde-4688-98fa-85e7f11fcc8e
dd634009-fc9b-4a6b-9aa4-c99995a92b8b,4e8df017-8885-55ef-8c63-325b9636370a,1,5ed57d57-4e1a-41c5-b455-54d1e9b47bdd
dd634009-fc9b-4a6b-9aa4-c99995a92b8b,576dadcd-ff7a-5f59-8ef9-20e99fe21d13,1,045ed8df-7398-4952-93bb-1a0387f2cc4f
dd634009-fc9b-4a6b-9aa4-c99995a92b8b,75e7f049-029c-5e6a-9793-aea4ae8237aa,1,6327145d-c5c1-4230-b2c1-efd2711bca2e
dd70dc8e-96b6-48b9-b563-408cfd41ddaf,c044336d-c780-56de-937a-16c5cf0f35e0,1,3c0a4db5-06e1-457b-a6fa-18cb62da41ac
dde48ca3-be9f-4471-bc4e-710bfd8a44dd,baf9ca6e-937b-5c6a-9993-724f7a71cf91,1,79bcc9cd-6d35-403e-bfe4-fa0c1eea775d
df375d90-1e76-4334-aed4-114bfacfb01f,4e8df017-8885-55ef-8c63-325b9636370a,2,e9dcfccf-ad03-49f6-99a1-85d80a1eeeb3
df6e1f8a-800a-424f-a810-141fee4d4417,576dadcd-ff7a-5f59-8ef9-20e99fe21d13,2,a9e42497-01d9-4b29-935b-97b53460fdb1
df6e1f8a-800a-424f-a810-141fee4d4417,75e7f049-029c-5e6a-9793-aea4ae8237aa,1,c3d1e428-e9ce-4727-8979-6333179570ec
e08a7d05-132f-4e9b-bbd4-04be3e195755,3e0685b9-b759-5740-a3fb-187094b9ac5f,1,99a7a4df-603b-45c4-9f3e-7b3eba70c6ba
e08a7d05-132f-4e9b-bbd4-04be3e195755,75e7f049-029c-5e6a-9793-aea4ae8237aa,1,d7b117ff-8e83-4b72-b8db-1181e4f190e5
e08a7d05-132f-4e9b-bbd4-04be3e195755,c044336d-c780-56de-937a-16c5cf0f35e0,1,d11a64dd-d9e3-41c5-afec-87160da96c1f
e0ac0887-40b9-4536-bcdf-6a3393578145,baf9ca6e-937b-5c6a-9993-724f7a71cf91,1,4704cb1b-64b9-4dea-bd34-5cdd4d04df42
e0ac0887-40b9-4536-bcdf-6a3393578145,c044336d-c780-56de-937a-16c5cf0f35e0,1,9169e134-c08c-46e8-8c51-a375f085b849
e0ac0887-40b9-4536-bcdf-6a3393578145,d2b0bf77-a79f-5026-a892-e0eb2c48c1d1,1,dae7cc75-7deb-4419-b455-987991776b1b
e0db00c8-5fa5-4ce6-85d0-126640396ae2,4e8df017-8885-55ef-8c63-325b9636370a,1,714a4ada-ba9e-40b0-8710-3171f69e0eea
e140842b-56ce-4d40-823d-b9f9eed94907,4e8df017-8885-55ef-8c63-325b9636370a,1,7ac58ade-8974-4695-8eae-6d159b179441
e17751de-d2e3-42b1-95b4-17076187a84a,baf9ca6e-937b-5c6a-9993-724f7a71cf91,1,e573bea2-4105-4f06-b29f-c81176714996
e17751de-d2e3-42b1-95b4-17076187a84a,c044336d-c780-56de-937a-16c5cf0f35e0,2,27bd8902-8b10-4a1f-be98-fcdba9352cf8
e206cea7-2f76-4e82-b49a-7979ab3bbb97,baf9ca6e-937b-5c6a-9993-724f7a71cf91,1,99d1ea38-afb8-435b-b718-6e08570aa58c
e26da69a-01d3-456a-bdfa-abc35d388d9f,baf9ca6e-937b-5c6a-9993-724f7a71cf91,2,4be4673e-f3e7-4341-8bba-5b68f896d340
e26da69a-01d3-456a-bdfa-abc35d388d9f,d2b0bf77-a79f-5026-a892-e0eb2c48c1d1,1,2b738e63-6743-4422-a7ca-b7b61ea3dcc1
e34c842a-31ce-436b-83c4-71b196e47168,75e7f049-029c-5e6a-9793-aea4ae8237aa,1,f7d3ab67-30e6-4461-b276-e2a58a5a1dce
e43e3630-6f05-4216-a89a-093e16b7ca7b,75e7f049-029c-5e6a-9793-aea4ae8237aa,1,5e641861-c145-4689-b9ff-ff5922d63b97
e43e3630-6f05-4216-a89a-093e16b7ca7b,baf9ca6e-937b-5c6a-9993-724f7a71cf91,1,85cefd6d-19a6-46b6-9660-e5f1a46e183f
e43e3630-6f05-4216-a89a-093e16b7ca7b,d2b0bf77-a79f-5026-a892-e0eb2c48c1d1,1,50d44219-f98b-4140-a06d-8c3a5b173275
e4b065db-2bee-4752-b6c6-850ef1c79376,3e0685b9-b759-5740-a3fb-187094b9ac5f,1,fedc755e-f43c-46dc-992e-90a99656a35c
e4b065db-2bee-4752-b6c6-850ef1c79376,576dadcd-ff7a-5f59-8ef9-20e99fe21d13,1,caf0f540-c3bd-4317-9544-7afc087dbb8d
e4b065db-2bee-4752-b6c6-850ef1c79376,c044336d-c780-56de-937a-16c5cf0f35e0,1,8a9dbd7b-3ded-4755-b4a6-d9f908228dea
e4c4de55-2ee4-4545-8d57-97412b7e3ce0,c044336d-c780-56de-937a-16c5cf0f35e0,1,9406d8fd-ebb2-4a96-88db-73efd8390678
e5e884dd-0734-42bb-99fa-cfad66a1a828,75e7f049-029c-5e6a-9793-aea4ae8237aa,1,f58aa015-e0f3-4390-80d6-9999b69b120d
e60c85df-5976-44e3-a985-88f5c13175a1,576dadcd-ff7a-5f59-8ef9-20e99fe21d13,1,ad256628-4915-4e99-a6ac-ea8415ca5686
e60c85df-5976-44e3-a985-88f5c13175a1,baf9ca6e-937b-5c6a-9993-724f7a71cf91,1,9a36bf5d-6743-4c55-9d2b-57a495abfeb4
e745b402-a859-4715-8124-083888cc94fa,baf9ca6e-937b-5c6a-9993-724f7a71cf91,1,cadc757c-74b3-41e2-9e17-b9d180787186
e895e048-c24d-40d8-97a9-9812f2450fb2,3e0685b9-b759-5740-a3fb-187094b9ac5f,1,6ee5e787-ca93-4bbe-892b-1dca951c3216
e895e048-c24d-40d8-97a9-9812f2450fb2,75e7f049-029c-5e6a-9793-aea4ae8237aa,2,639d46dc-ede8-4dc2-97f0-a2c5a61b70be
e9d3d383-8a67-4328-a487-c73569064be8,3e0685b9-b759-5740-a3fb-187094b9ac5f,1,61e55d57-f985-439a-8822-f8df43de418f
e9d3d383-8a67-4328-a487-c73569064be8,d2b0bf77-a79f-5026-a892-e0eb2c48c1d1,2,65700900-beaa-4b2a-8239-e1c0b7a57d20
ea039cfd-a13e-412e-8d24-16ad60948781,3e0685b9-b759-5740-a3fb-187094b9ac5f,1,4bf3bf5e-401c-4a28-9ca4-558d8e00d73f
ea039cfd-a13e-412e-8d24-16ad60948781,576dadcd-ff7a-5f59-8ef9-20e99fe21d13,1,fcb60df6-fa45-442d-b0ca-62106c6737fc
eaa46650-cb4e-46fd-abb7-96aad069c86c,75e7f049-029c-5e6a-9793-aea4ae8237aa,1,ab14587e-9de6-4a61-a73f-0472e81cd3a8
eab5995b-b577-4c97-ad3f-cb8d9eaf9874,576dadcd-ff7a-5f59-8ef9-20e99fe21d13,1,5edf0c38-bfa5-415b-a08f-7e9a276a1713
eab5995b-b577-4c97-ad3f-cb8d9eaf9874,c044336d-c780-56de-937a-16c5cf0f35e0,1,74f78a89-2c08-4673-9e29-f6b65084f731
eab5995b-b577-4c97-ad3f-cb8d9eaf9874,d2b0bf77-a79f-5026-a892-e0eb2c48c1d1,1,a61306f7-cae7-44af-8963-4f3503ec7f61
eb2eb2d1-8a2f-4833-af7c-d426d9798447,576dadcd-ff7a-5f59-8ef9-20e99fe21d13,1,985f94f1-96d1-41ae-bcda-45bcbfbe0a0a
eb2eb2d1-8a2f-4833-af7c-d426d9798447,75e7f049-029c-5e6a-9793-aea4ae8237aa,1,5fcd4e20-035b-43f8-9464-8486266fb81b
eb4d2205-afa5-42e5-a4ce-a7580f3c18cb,75e7f049-029c-5e6a-9793-aea4ae8237aa,1,27ae2da5-76f3-48e1-946c-6f5c3e6904e7
eb4d2205-afa5-42e5-a4ce-a7580f3c18cb,baf9ca6e-937b-5c6a-9993-724f7a71cf91,1,7eb4f26d-bb4e-473c-a985-8a2c7efcf6ee
eb5cd203-547a-48fa-b010-cc28a9bdacf4,3e0685b9-b759-5740-a3fb-187094b9ac5f,2,5a3cb15b-a596-4fed-9c94-bfab23ceced5
eb5cd203-547a-48fa-b010-cc28a9bdacf4,576dadcd-ff7a-5f59-8ef9-20e99fe21d13,1,b7dce96e-7b69-4acf-9aff-4d5a53060cf1
ebc8fa57-214e-43f9-9521-e4698108ddec,75e7f049-029c-5e6a-9793-aea4ae8237aa,1,448247cc-bfcd-42c0-9017-a0d2dfdffa01
ebcc24f3-6e39-4a92-9ea3-2513d0d3220e,c044336d-c780-56de-937a-16c5cf0f35e0,1,edf940f8-43f3-4427-9dd7-897a83929764
ebcc24f3-6e39-4a92-9ea3-2513d0d3220e,d2b0bf77-a79f-5026-a892-e0eb2c48c1d1,1,3226d9ce-3e0a-4737-ba79-9b9ae0bdf98c
eeb9389a-5373-44da-bc8f-ba1ffa8ba7e4,576dadcd-ff7a-5f59-8ef9-20e99fe21d13,1,4c60800a-cacd-4710-848f-323044e23c30
ef944987-74e5-4fc2-80d1-48a912e4ec2d,4e8df017-8885-55ef-8c63-325b9636370a,1,20ce0d4a-088f-41c9-9920-75660042f256
f05a5e88-3c60-4127-8767-9615d8302362,4e8df017-8885-55ef-8c63-325b9636370a,1,98e5ac66-ecb1-46b2-80ff-45248e167709
f05a5e88-3c60-4127-8767-9615d8302362,75e7f049-029c-5e6a-9793-aea4ae8237aa,2,d598c3b3-dbe2-43d2-be40-17b25fb4b1df
f061062e-7ad0-4491-b6a1-51277601fcee,4e8df017-8885-55ef-8c63-325b9636370a,1,dc46418c-27fc-428d-a300-53613a81419a
f061062e-7ad0-4491-b6a1-51277601fcee,576dadcd-ff7a-5f59-8ef9-20e99fe21d13,1,9aea4830-e1e6-469f-b2e7-70d13f6c460d
f062592a-0b38-4d3f-a608-179a3cd91a10,3e0685b9-b759-5740-a3fb-187094b9ac5f,1,c21b7039-219a-40f8-a655-5d01d4f23f47
f2420e9d-03a1-4d73-9ae3-f4ed2e45e04b,576dadcd-ff7a-5f59-8ef9-20e99fe21d13,2,16d5a576-f1e1-434c-aa6f-ce1f9dccaab1
f2d99bd4-c6e3-4afc-b425-914cc66a6762,3e0685b9-b759-5740-a3fb-187094b9ac5f,1,99ca7270-66ac-41de-befd-1db6d8d57ae6
f372fa5b-e87a-4d74-b224-960b459be953,75e7f049-029c-5e6a-9793-aea4ae8237aa,1,a721a126-33e3-4dfc-8d5c-35f7230e9ede
f3e7698b-a691-463a-b898-1a79b4f3dcd3,baf9ca6e-937b-5c6a-9993-724f7a71cf91,1,f0aabafd-ef8e-433b-a47c-f560e40b9b87
f3e7698b-a691-463a-b898-1a79b4f3dcd3,c044336d-c780-56de-937a-16c5cf0f35e0,1,44a5f936-4ae3-40af-a9d5-1c7b99d4301b
f44e4cb2-8b0f-4405-8462-df4728bce7e9,3e0685b9-b759-5740-a3fb-187094b9ac5f,1,7dd0ab46-bae5-4f7a-8d9d-af695a2a449c
f44e4cb2-8b0f-4405-8462-df4728bce7e9,75e7f049-029c-5e6a-9793-aea4ae8237aa,1,e5b275a2-ca4e-41ba-9e6e-13fc8dd36d09
f7fe067e-af6b-4f5f-997f-340ea09c2cd1,75e7f049-029c-5e6a-9793-aea4ae8237aa,2,c316ecc5-c340-41e2-aaa3-09177a1e312a
f7fe067e-af6b-4f5f-997f-340ea09c2cd1,baf9ca6e-937b-5c6a-9993-724f7a71cf91,1,a1990f67-26bb-411a-9a0f-de1637c391c1
f84aed36-63f8-44af-8235-0205cf6dd729,576dadcd-ff7a-5f59-8ef9-20e99fe21d13,1,44effc87-f3cc-461d-a677-e7d4f46b5957
f9361378-684c-4568-b078-808d7425e6d1,75e7f049-029c-5e6a-9793-aea4ae8237aa,1,8bbed9a2-3f32-4d23-92ef-8c32e4dbfecd
f9361378-684c-4568-b078-808d7425e6d1,c044336d-c780-56de-937a-16c5cf0f35e0,1,1f3608d1-1abf-4cf2-88e7-b54e4ccb1b9f
f9361378-684c-4568-b078-808d7425e6d1,d2b0bf77-a79f-5026-a892-e0eb2c48c1d1,1,15b67fcd-519e-4b42-9a5d-bb618f21bd78
fa3231fb-7642-4835-9e07-8b08e3fa9b35,576dadcd-ff7a-5f59-8ef9-20e99fe21d13,1,f5df5b4c-23f0-44fd-af4c-8320580a1f2b
fb2a7b1d-2c42-4a28-b38a-ff998cc879ba,4e8df017-8885-55ef-8c63-325b9636370a,1,4f624ec1-bbcb-433d-bd70-1b8c7dcd385d
fb2a7b1d-2c42-4a28-b38a-ff998cc879ba,576dadcd-ff7a-5f59-8ef9-20e99fe21d13,1,4f2a15c5-c016-4a33-99e2-4fb74a10209e
fc3a9bc2-baa5-4dc1-b3ad-cc01ee71be9e,4e8df017-8885-55ef-8c63-325b9636370a,1,a32fbd7a-434f-4659-8802-ff41e6f63960
fc3a9bc2-baa5-4dc1-b3ad-cc01ee71be9e,d2b0bf77-a79f-5026-a892-e0eb2c48c1d1,1,2d73bb85-750a-4779-a7b9-4dedc0c8a0c6
fc4cdeb9-339d-49dc-b63d-1e5416cee2e6,c044336d-c780-56de-937a-16c5cf0f35e0,1,7e1935de-dfbc-46e1-88ee-f529a3e979cf
fc4cfe28-3bc6-4189-94d2-1ea689d49545,4e8df017-8885-55ef-8c63-325b9636370a,1,7d1f3b89-6fe2-4631-9c18-d681fbc638af
fc4cfe28-3bc6-4189-94d2-1ea689d49545,576dadcd-ff7a-5f59-8ef9-20e99fe21d13,1,d18d2a54-8a32-4ca0-a86c-4e78c3769226
fc4cfe28-3bc6-4189-94d2-1ea689d49545,d2b0bf77-a79f-5026-a892-e0eb2c48c1d1,1,e399ef8f-6066-4b78-beb6-4be70f68416e
fc8b5519-764e-44b1-9cc4-971ce7007013,4e8df017-8885-55ef-8c63-325b9636370a,1,f87c0100-8393-4364-ac73-7cf60f27f967
fc8b5519-764e-44b1-9cc4-971ce7007013,baf9ca6e-937b-5c6a-9993-724f7a71cf91,1,61638683-a58c-496f-a4e9-e9cb5dbdb143
fc8b5519-764e-44b1-9cc4-971ce7007013,c044336d-c780-56de-937a-16c5cf0f35e0,1,b12d07d2-65c8-47aa-8c8e-2eb3d3e67380
fd78a36d-181f-438d-badc-f30bb9a7af57,4e8df017-8885-55ef-8c63-325b9636370a,1,c0d481b1-b357-49e1-a1a1-4bdfa5b5fd1f
fd78a36d-181f-438d-badc-f30bb9a7af57,baf9ca6e-937b-5c6a-9993-724f7a71cf91,1,dd303581-c55b-49e5-aa3b-e2f962f43d9f
fd7c840e-ee50-4052-80cc-e639966ebf34,3e0685b9-b759-5740-a3fb-187094b9ac5f,1,cbc2b7d8-8a53-443a-b79e-faad74af96de
fd7c840e-ee50-4052-80cc-e639966ebf34,d2b0bf77-a79f-5026-a892-e0eb2c48c1d1,1,1eb2c25a-21b1-4f6c-9efd-f198adff38bf
fd9d75e9-8847-4975-8d5f-c25229372598,c044336d-c780-56de-937a-16c5cf0f35e0,1,3e2d1891-f339-447a-b33f-aa5dda7558ca
fdf33a6f-cdf4-49ff-9807-64e71a2ccced,3e0685b9-b759-5740-a3fb-187094b9ac5f,1,1042e433-4d98-4f7f-9bb1-918a2d6962e4
fdf33a6f-cdf4-49ff-9807-64e71a2ccced,576dadcd-ff7a-5f59-8ef9-20e99fe21d13,1,35423892-1305-4f11-b062-ea4ffcfeaaa5
fe43e439-a09d-44c3-9f0d-db6f22ade490,4e8df017-8885-55ef-8c63-325b9636370a,1,5c72b6e9-215b-4232-8322-a174b87615e2
fe43e439-a09d-44c3-9f0d-db6f22ade490,576dadcd-ff7a-5f59-8ef9-20e99fe21d13,1,3ac4daa5-16c5-41b7-9a36-a17c0fe62b11
